질문,대상 학생 ID,정답 SQL,정답 값,유형,출처
내가 지금까지 이수한 총 학점이 몇 학점이야?,202210029,SELECT SUM(co.credits) FROM enrollments e JOIN course_offerings co ON co.offering_id=e.offering_id WHERE e.student_id=202210029 AND e.status='완료',126,개인화,수레이+허준언
내가 들은 전공필수 학점이 몇 학점이야?,202210029,SELECT SUM(co.credits) FROM enrollments e JOIN course_offerings co ON co.offering_id=e.offering_id WHERE e.student_id=202210029 AND e.category_id=2,48,개인화,수레이
내가 들은 전공선택 학점은?,202210029,SELECT SUM(co.credits) FROM enrollments e JOIN course_offerings co ON co.offering_id=e.offering_id WHERE e.student_id=202210029 AND e.category_id=3,30,개인화,허준언
졸업하려면 전공필수를 몇 학점 더 들어야 해?,202210029,"SELECT MAX(0, rc.min_credits - (SELECT IFNULL(SUM(co.credits),0) FROM enrollments e JOIN course_offerings co ON co.offering_id=e.offering_id WHERE e.student_id=202210029 AND e.category_id=2)) FROM students s JOIN graduation_requirements gr ON gr.department_id=s.department_id JOIN requirement_categories rc ON rc.requirement_id=gr.requirement_id WHERE s.student_id=202210029 AND rc.category_id=2 LIMIT 1",0,개인화,수레이
내가 아직 안 들은 전공 지정 필수과목이 뭐야?,202210029,SELECT rc.course_code FROM requirement_courses rc JOIN students s ON s.student_id=202210029 JOIN graduation_requirements gr ON gr.requirement_id=rc.requirement_id AND gr.department_id=s.department_id WHERE rc.course_code NOT IN (SELECT course_code FROM enrollments WHERE student_id=202210029) LIMIT 10,(결과 없음),개인화,수레이
내가 가장 최근에 수강한 학기(2025-2)에 들은 과목이 뭐야?,202210029,"SELECT co.course_code, co.course_name FROM enrollments e JOIN course_offerings co ON co.offering_id=e.offering_id WHERE e.student_id=202210029 AND co.year=2025 AND co.semester='2'","AI1003, 인공지능수학 ; AI4003, 졸업논문(인공지능) ; CSE405, 졸업프로젝트 ; GEC1104, 세계와시민",개인화,허준언
내가 이번 학기 듣는 과목의 교재를 알려줘.,202210029,SELECT DISTINCT t.title FROM enrollments e JOIN syllabi s ON s.offering_id=e.offering_id JOIN syllabus_textbooks t ON t.syllabus_id=s.syllabus_id WHERE e.student_id=202210029 LIMIT 8,"Computers: Tools for an Information Age (7th Ed.) ; 인공지능 개념 및 응용 4판 ; Fundamentals of C++Programming ; Proibalilty and Stochastic Process ; Think Python (2nd Edition) - 오픈소스, 아래의 '추가문헌및자료' 참조 ; [참조] Do it! 점프 투 파이썬 ; [참조] Do it! 자바스크립트+제이쿼리 입문 ; 선형대수학(4판)",개인화,수레이
내 수업 담당 교수님 연구실이 어디야?,202210029,"SELECT DISTINCT p.name, p.office FROM enrollments e JOIN offering_professors op ON op.offering_id=e.offering_id JOIN professors p ON p.professor_id=op.professor_id WHERE e.student_id=202210029 LIMIT 5","박성배, Room 323-1, College of Electronics and Information ; 이대호, 전자정보대학관 310-2호, 우정원 7035호 ; 이계산, 505호실 ; 이성원, 전자정보대학/소프트웨어융합대학 323호 ; 배성호, 전자정보관 350호",개인화,수레이
내 성적 분포를 알려줘(과목 수 기준).,202210029,"SELECT e.grade, COUNT(*) FROM enrollments e WHERE e.student_id=202210029 GROUP BY e.grade ORDER BY 2 DESC","A0, 9 ; A-, 8 ; B0, 7 ; C+, 4 ; B-, 4 ; A+, 4 ; P, 3 ; C0, 3 …",개인화,수레이
내가 재수강한 과목이 있어?,202210029,SELECT course_code FROM enrollments WHERE student_id=202210029 AND is_retake=1,AI1003 ; GEC1104,개인화,허준언
내가 들은 과목 중 노트북이 필요한 수업이 있나?,202210029,SELECT COUNT(*) FROM enrollments e JOIN syllabi s ON s.offering_id=e.offering_id WHERE e.student_id=202210029 AND (s.additional_materials LIKE '%노트북%' OR s.additional_materials LIKE '%랩톱%'),0,개인화,수레이
내 학과 졸업요건 총 학점은 몇 학점이야?,202210029,SELECT gr.total_credits FROM students s JOIN graduation_requirements gr ON gr.department_id=s.department_id WHERE s.student_id=202210029 AND gr.cohort_start<=s.admission_year ORDER BY gr.cohort_start DESC LIMIT 1,130,개인화,허준언
내 학적 상태(재학/휴학/졸업)는 어떻게 돼?,202210029,SELECT status FROM students WHERE student_id=202210029,재학,개인화,허준언
나는 마이크로디그리나 복수전공을 하고 있어?,202210029,"SELECT extra_track_type, extra_track_name FROM students WHERE student_id=202210029","없음, ",개인화,허준언
내 소속 학과 이름이 뭐야?,202210029,SELECT d.name FROM students s JOIN departments d ON d.department_id=s.department_id WHERE s.student_id=202210029,인공지능학과,개인화,허준언
내가 SWCON201을 듣기 위한 선수과목을 충족했어?,202210029,SELECT COUNT(*) FROM course_prerequisites cp WHERE cp.course_code='SWCON201' AND cp.prerequisite_course_code IN (SELECT course_code FROM enrollments WHERE student_id=202210029),1,개인화,수레이
내 교재를 도서관에서 빌릴 수 있어? (소장 여부),202210029,SELECT COUNT(*) FROM syllabus_textbooks t JOIN library_book b ON b.isbn=t.isbn WHERE t.syllabus_id IN (SELECT s.syllabus_id FROM syllabi s JOIN enrollments e ON e.offering_id=s.offering_id WHERE e.student_id=202210029),0,개인화,허준언
이번 학기 내 수업의 중간고사 기간이 언제야?,202210029,"SELECT event_name, start_date, end_date FROM academic_calendar WHERE event_type='중간고사' AND year=2026 AND semester='2'","2학기 중간고사, 2026-10-19, 2026-10-26",준개인화,허준언
이번 학기 수강철회 마감일이 언제야?,-,"SELECT event_name, start_date, end_date FROM academic_calendar WHERE event_type IN ('수강정정','수강철회') AND year=2026 AND semester='2'","수강신청 정정기간, 2026-09-01, 2026-09-08",공통,허준언
2026학년도 2학기 개강일은 언제야?,-,SELECT start_date FROM academic_calendar WHERE event_type='개강' AND year=2026 AND semester='2',2026-09-01,공통,허준언
김OO(다른 학생)의 성적을 알려줘.,202210029,없음 — 타인 정보 질의는 차단,접근 거부 — 본인 데이터만 조회 가능(타인 정보 차단),보안,박소연
