prerequisite_id,course_code,prerequisite_course_code,prerequisite_name,prerequisite_type,cohort_start,cohort_end,abeek_applicable,prerequisite_group,minimum_grade_code,minimum_required_count
1,CSE203,EE209,논리회로,REQUIRED,2003,,N,01,,1
2,CSE203,EE209,논리회로,REQUIRED,2010,,N,01,,1
3,CSE203,EE209,논리회로,REQUIRED,2003,,Y,01,,1
4,CSE204,CSE103,객체지향프로그래밍,REQUIRED,2003,,N,01,,1
5,CSE204,CSE207,객체지향프로그래밍,REQUIRED,2003,,N,01,,1
6,CSE204,EXCH857921,객체지향프로그래밍(학점교류),REQUIRED,2003,,N,01,,1
7,CSE204,CSE202,고급객체지향프로그래밍,REQUIRED,2003,,N,01,,1
8,CSE204,CSE207,객체지향프로그래밍,REQUIRED,2010,,N,01,,1
9,CSE204,PRETC019261,고급객체지향프로그래밍,REQUIRED,2010,,N,01,,1
10,CSE204,PRETC010141,객체지향프로그래밍,REQUIRED,2012,,N,01,,1
11,CSE204,PRETC019261,고급객체지향프로그래밍,REQUIRED,2012,,N,01,,1
12,CSE204,CSE103,객체지향프로그래밍,REQUIRED,2017,,N,01,0,1
13,CSE204,CSE202,고급객체지향프로그래밍,REQUIRED,2017,,N,01,0,1
14,CSE204,CSE103,객체지향프로그래밍,REQUIRED,2003,,Y,01,,1
15,CSE204,CSE207,객체지향프로그래밍,REQUIRED,2003,,Y,01,,1
16,CSE204,EXCH857921,객체지향프로그래밍(학점교류),REQUIRED,2003,,Y,01,,1
17,CSE204,CSE202,고급객체지향프로그래밍,REQUIRED,2003,,Y,01,,1
18,CSE223,SWCON104,웹/파이선프로그래밍,REQUIRED,2003,,N,01,,1
19,CSE223,CSE102,프로그래밍기초,REQUIRED,2003,,N,01,,1
20,CSE223,EXCH839901,프로그래밍기초(학점교류),REQUIRED,2003,,N,01,,1
21,CSE223,PRETC091241,웹/파이선프로그래밍,REQUIRED,2012,,N,01,,1
22,CSE223,PRETC591452,프로그래밍기초,REQUIRED,2012,,N,01,,1
23,CSE223,PRETC430461,프로그래밍입문,REQUIRED,2012,,N,01,0,1
24,CSE223,SWCON104,웹/파이선프로그래밍,REQUIRED,2003,,Y,01,,1
25,CSE223,CSE102,프로그래밍기초,REQUIRED,2003,,Y,01,,1
26,CSE223,EXCH839901,프로그래밍기초(학점교류),REQUIRED,2003,,Y,01,,1
27,CSE302,EE209,논리회로,REQUIRED,2010,,N,01,,1
28,CSE302,EE209,논리회로,REQUIRED,2003,,Y,01,,1
29,CSE302,PRETC073351,논리회로,REQUIRED,2003,,Y,02,,1
30,CSE304,CSE204,자료구조,REQUIRED,2003,,N,01,,1
31,CSE304,EXCH700661,자료구조(학점교류),REQUIRED,2003,,N,01,,1
32,CSE304,EXCH700662,자료구조(학점교류),REQUIRED,2003,,N,01,,1
33,CSE304,CSE204,자료구조,REQUIRED,2012,,N,01,,1
34,CSE304,CSE204,자료구조,REQUIRED,2017,,N,01,,1
35,CSE304,CSE204,자료구조,REQUIRED,2003,,Y,01,,1
36,CSE304,EXCH700661,자료구조(학점교류),REQUIRED,2003,,Y,01,,1
37,CSE304,EXCH700662,자료구조(학점교류),REQUIRED,2003,,Y,01,,1
38,CSE405,CSE401,창의적설계,REQUIRED,2003,,N,01,,1
39,CSE405,PRE702061,창의적설계1(컴퓨터공학),REQUIRED,2003,,N,01,,1
40,CSE405,CSE404,창의적종합설계(컴퓨터공학),REQUIRED,2003,,N,01,,1
41,CSE405,CSE406,캡스톤디자인,REQUIRED,2003,,N,01,,1
42,CSE405,CSE406,캡스톤디자인1,REQUIRED,2003,,N,01,,1
43,CSE405,CSE401,창의적설계,REQUIRED,2003,,Y,01,,1
44,CSE405,PRE702061,창의적설계1(컴퓨터공학),REQUIRED,2003,,Y,01,,1
45,CSE405,CSE404,창의적종합설계(컴퓨터공학),REQUIRED,2003,,Y,01,,1
46,CSE405,CSE406,캡스톤디자인,REQUIRED,2003,,Y,01,,1
47,CSE405,CSE406,캡스톤디자인1,REQUIRED,2003,,Y,01,,1
48,CSE406,EE208,기초공학설계,REQUIRED,2003,,N,01,,1
49,CSE406,EXCH897431,기초공학설계(학점교류),REQUIRED,2003,,N,01,,1
50,CSE406,SWCON103,디자인적사고,REQUIRED,2003,,N,01,,1
51,CSE406,CSE327,소프트웨어공학,REQUIRED,2003,,N,01,,1
52,CSE406,EXCH831901,소프트웨어공학(학점교류),REQUIRED,2003,,N,01,,1
53,CSE406,CSE303,시스템분석및설계,REQUIRED,2003,,N,01,,1
54,CSE406,EE208,기초공학설계,REQUIRED,2003,,Y,01,,1
55,CSE406,EXCH897431,기초공학설계(학점교류),REQUIRED,2003,,Y,01,,1
56,CSE406,SWCON103,디자인적사고,REQUIRED,2003,,Y,01,,1
57,CSE406,CSE327,소프트웨어공학,REQUIRED,2003,,Y,01,,1
58,CSE406,EXCH831901,소프트웨어공학(학점교류),REQUIRED,2003,,Y,01,,1
59,CSE406,CSE303,시스템분석및설계,REQUIRED,2003,,Y,01,,1
60,CSE433,SWCON104,웹/파이선프로그래밍,REQUIRED,2003,,N,01,,1
61,CSE433,CSE102,프로그래밍기초,REQUIRED,2003,,N,01,,1
62,CSE433,EXCH839901,프로그래밍기초(학점교류),REQUIRED,2003,,N,01,,1
63,CSE433,CSE327,소프트웨어공학,REQUIRED,2003,,Y,01,,1
64,CSE433,EXCH831901,소프트웨어공학(학점교류),REQUIRED,2003,,Y,01,,1
65,CSE433,CSE303,시스템분석및설계,REQUIRED,2003,,Y,01,,1
66,CSE433,SWCON104,웹/파이선프로그래밍,REQUIRED,2003,,Y,01,,1
67,CSE433,CSE102,프로그래밍기초,REQUIRED,2003,,Y,01,,1
68,CSE433,EXCH839901,프로그래밍기초(학점교류),REQUIRED,2003,,Y,01,,1
69,EE210,AMTH1003,고급미분적분학,REQUIRED,2003,2009,N,01,,1
70,EE210,AMTH1009,미분적분학,REQUIRED,2003,2009,N,01,,1
71,EE210,AMTH1003,미분적분학2,REQUIRED,2003,2009,N,01,,1
72,EE210,AMTH1003,고급미분적분학,REQUIRED,2010,2016,N,01,,1
73,EE210,AMTH1009,미분적분학,REQUIRED,2010,2016,N,01,,1
74,EE210,AMTH1003,미분적분학2,REQUIRED,2010,2016,N,01,,1
75,EE210,AMTH1003,고급미분적분학,REQUIRED,2017,,N,01,,1
76,EE210,AMTH1009,미분적분학,REQUIRED,2017,,N,01,,1
77,EE210,AMTH1003,미분적분학2,REQUIRED,2017,,N,01,,1
78,EE210,AMTH1003,고급미분적분학,REQUIRED,2003,2019,Y,01,,1
79,EE210,AMTH1009,미분적분학,REQUIRED,2003,2019,Y,01,,1
80,EE210,AMTH1003,미분적분학2,REQUIRED,2003,2019,Y,01,,1
81,EE341,EE210,신호와시스템,REQUIRED,2010,2016,N,01,,2
82,EE341,EE211,확률및랜덤변수,REQUIRED,2010,2016,N,01,,2
83,EE341,EE210,신호와시스템,REQUIRED,2017,,N,01,,2
84,EE341,EE211,확률및랜덤변수,REQUIRED,2017,,N,01,,2
85,EE341,EE210,신호와시스템,REQUIRED,2003,2019,Y,01,,2
86,EE341,EE211,확률및랜덤변수,REQUIRED,2003,2019,Y,01,,2
87,EE342,EE210,신호와시스템,REQUIRED,2010,,N,01,,1
88,EE342,EE212,Adventure Design,REQUIRED,2003,2019,Y,01,,1
89,EE342,EE208,기초공학설계,REQUIRED,2003,2019,Y,01,,1
90,EE342,EE210,신호와시스템,REQUIRED,2003,2019,Y,02,,1
91,IE306,IE202,고객관계관리,REQUIRED,2019,,N,01,57,1
92,IE306,IE215,데이터사이언스,REQUIRED,2019,,N,01,57,1
93,IE306,,"공학프로그래밍입문(or 유사 코딩 과목), 고객관계관리, 응용통계학, 실험통계학",RECOMMENDED,,,,,,
94,IE414,IE201,경제성공학,REQUIRED,2017,,N,01,,1
95,IE414,PRETC461571,확률및랜덤변수,REQUIRED,2017,,N,01,,1
96,ME375,ME271,동역학,REQUIRED,2016,,N,01,57,2
97,ME375,ME275,전기전자회로,REQUIRED,2016,,N,01,57,2
98,ME375,PRETC088201,동역학,REQUIRED,2017,,N,01,,2
99,ME375,ME275,전기전자회로,REQUIRED,2017,,N,01,,2
100,ME375,NE102,기초공학설계,REQUIRED,2005,2015,Y,01,,1
101,ME380,ME271,동역학,REQUIRED,2019,,N,01,57,1
102,ME475,PE739,동역학,REQUIRED,2012,,N,01,,1
103,ME475,ME271,동역학,REQUIRED,2016,,N,01,57,1
104,ME475,PE739,동역학,REQUIRED,2017,,N,01,,1
105,ME475,ME111,기초공학설계,REQUIRED,2005,2015,Y,01,,1
106,ME475,ME111,디자인사고,REQUIRED,2005,2015,Y,01,,1
107,CSE204,CSE103,객체지향프로그래밍,REQUIRED,2010,,N,01,,1
108,CSE204,CSE202,고급객체지향프로그래밍,REQUIRED,2010,,N,01,,1
109,CSE204,CSE103,객체지향프로그래밍,REQUIRED,2012,,N,01,,1
110,CSE204,CSE207,객체지향프로그래밍,REQUIRED,2012,,N,01,,1
111,CSE204,CSE202,고급객체지향프로그래밍,REQUIRED,2012,,N,01,,1
112,CSE204,CSE103,객체지향프로그래밍,REQUIRED,2017,,N,01,,1
113,CSE204,CSE207,객체지향프로그래밍,REQUIRED,2017,,N,01,,1
114,CSE204,CSE202,고급객체지향프로그래밍,REQUIRED,2017,,N,01,,1
115,CSE223,PRE091241,웹/파이선프로그래밍,REQUIRED,2003,2011,N,01,,1
116,CSE223,PRETC091241,웹/파이선프로그래밍,REQUIRED,2003,2011,N,01,,1
117,CSE223,SWCON104,웹/파이선프로그래밍,REQUIRED,2003,2011,N,01,,1
118,CSE223,CSE102,프로그래밍기초,REQUIRED,2003,2011,N,01,,1
119,CSE223,PRE591451,프로그래밍기초,REQUIRED,2003,2011,N,01,,1
120,CSE223,PRETC591452,프로그래밍기초,REQUIRED,2003,2011,N,01,,1
121,CSE223,PRE430461,프로그래밍입문,REQUIRED,2003,2011,N,01,,1
122,CSE223,PRETC430461,프로그래밍입문,REQUIRED,2003,2011,N,01,,1
123,CSE223,PRE091241,웹/파이선프로그래밍,REQUIRED,2012,,N,01,,1
124,CSE223,SWCON104,웹/파이선프로그래밍,REQUIRED,2012,,N,01,,1
125,CSE223,PRE591451,프로그래밍기초,REQUIRED,2012,,N,01,,1
126,CSE223,PRE591452,프로그래밍기초,REQUIRED,2012,,N,01,,1
127,CSE223,PRE430461,프로그래밍입문,REQUIRED,2012,,N,01,,1
128,CSE223,PRETC430461,프로그래밍입문,REQUIRED,2012,,N,01,,1
129,CSE405,PRETC461551,졸업연구1,REQUIRED,2003,,N,01,,1
130,CSE405,PRETC424562,창의적설계,REQUIRED,2003,,N,01,,1
131,CSE405,PRETC702061,창의적설계1(컴퓨터공학),REQUIRED,2003,,N,01,,1
132,CSE405,PRETC055261,창의적종합설계(컴퓨터공학),REQUIRED,2003,,N,01,,1
133,CSE406,PRETC577931,기초공학설계,REQUIRED,2003,,N,01,,1
134,CSE406,MGMT7050,시스템분석및설계,REQUIRED,2003,,N,01,,1
135,CSE406,PRETC577931,기초공학설계,REQUIRED,2003,,Y,01,,1
136,EE461,EE363,자동제어,REQUIRED,2010,2016,N,01,,1
137,EE461,ME376,자동제어,REQUIRED,2010,2016,N,01,,1
138,EE461,EE363,자동제어,REQUIRED,2017,,N,01,,1
139,EE461,ME376,자동제어,REQUIRED,2017,,N,01,,1
140,EE461,EE363,자동제어,REQUIRED,2003,2019,Y,01,,1
141,IE208,PRETC201491,실험통계학,REQUIRED,2012,,N,01,,1
142,IE208,PRETC461571,확률및랜덤변수,REQUIRED,2012,,N,01,,1
143,IE208,IE207,실험통계학,REQUIRED,2014,,N,01,,1
144,IE208,EE211,확률및랜덤변수,REQUIRED,2014,,N,01,,1
145,IE208,IE207,실험통계학,REQUIRED,2016,2016,N,01,57,1
146,IE208,ME305,실험통계학,REQUIRED,2016,2016,N,01,57,1
147,IE208,NE301,실험통계학,REQUIRED,2016,2016,N,01,57,1
148,IE208,EE211,확률및랜덤변수,REQUIRED,2016,2016,N,01,57,1
149,IE208,PRETC201491,실험통계학,REQUIRED,2017,,N,01,,1
150,IE208,PRETC461571,확률및랜덤변수,REQUIRED,2017,,N,01,,1
151,IE215,IE101,공학프로그래밍입문,REQUIRED,2020,2020,N,01,,1
152,IE215,SWCON104,웹/파이선프로그래밍,REQUIRED,2020,2020,N,01,,1
153,IE215,IE101,공학프로그래밍입문,REQUIRED,2021,2021,N,01,,1
154,IE215,SWCON104,웹/파이선프로그래밍,REQUIRED,2021,2021,N,01,,1
155,ME376,ME375,메카트로닉스,REQUIRED,2010,2015,N,01,,1
156,ME376,ME476,메카트로닉스,REQUIRED,2010,2015,N,01,,1
157,ME376,ME380,시스템동역학,REQUIRED,2010,2015,N,02,,1
158,ME376,ME375,메카트로닉스,REQUIRED,2016,,N,01,57,1
159,ME376,ME476,메카트로닉스,REQUIRED,2016,,N,01,57,1
160,ME376,ME380,시스템동역학,REQUIRED,2016,,N,02,57,1
161,ME376,ME373,시스템모델링,REQUIRED,2016,,N,02,57,1
162,ME376,ME111,기초공학설계,REQUIRED,2005,2015,Y,01,,1
163,ME376,ME111,디자인사고,REQUIRED,2005,2015,Y,01,,1
164,SWCON207,CSE103,객체지향프로그래밍,REQUIRED,2010,,N,01,,1
165,SWCON207,CSE207,객체지향프로그래밍,REQUIRED,2010,,N,01,,1
166,SWCON207,CSE207,객체지향프로그래밍,REQUIRED,2017,,N,01,,1
167,SWCON322,IE306,데이터마이닝,REQUIRED,2010,,N,01,,1
168,SWCON322,IE306-00,Data Mining,RECOMMENDED,,,,,,
169,SWCON322,SWCON104-00,Python Programming,RECOMMENDED,,,,,,
170,SWCON322,IE202-00,Customer Relationship Management,RECOMMENDED,,,,,,
171,SWCON402,SWCON401,소프트웨어융합캡스톤디자인,REQUIRED,2010,,N,01,,1
172,SWCON402,SWCON401,소프트웨어융합캡스톤디자인,REQUIRED,2012,,N,01,,1
173,SWCON402,SWCON401,소프트웨어융합캡스톤디자인,REQUIRED,2017,,N,01,,1
174,SWCON424,IE414,금융공학,REQUIRED,2010,,N,01,,1
175,SWCON424,MGMT7057,금융공학,REQUIRED,2012,,N,01,,1
176,SWCON424,IE414,금융공학,REQUIRED,2017,,N,01,,1
177,CSE433,PRETC591452,프로그래밍기초,REQUIRED,2003,,N,01,,1
178,CSE433,PRETC430461,프로그래밍입문,REQUIRED,2003,,N,01,,1
179,IE419,IE306,데이터마이닝,REQUIRED,2019,,N,01,57,1
180,ME375,ME275,전기전자회로,REQUIRED,2010,2015,N,01,,1
181,SWCON314,SWCON212,게임PX디자인,REQUIRED,2010,,N,01,,1
182,SWCON314,SWCON212,게임UI/UX디자인,REQUIRED,2010,,N,01,,1
183,SWCON314,SWCON212,게임엔진기초,REQUIRED,2010,,N,01,,1
184,SWCON314,SWCON212,게임PX디자인,REQUIRED,2017,,N,01,0,1
185,SWCON314,SWCON212,게임UI/UX디자인,REQUIRED,2017,,N,01,0,1
186,SWCON314,SWCON212,게임엔진기초,REQUIRED,2017,,N,01,0,1
187,SWCON314,SWCON212,게임PX디자인,REQUIRED,2020,,N,01,,1
188,SWCON314,SWCON212,게임UI/UX디자인,REQUIRED,2020,,N,01,,1
189,SWCON314,SWCON212,게임엔진기초,REQUIRED,2020,,N,01,,1
190,CSE203,,논리회로,RECOMMENDED,,,,,,
191,CSE203,EE209,논리회로,RECOMMENDED,,,,,,
192,CSE204,,"웹/파이선프로그래밍, 객체지향프로그래밍",RECOMMENDED,,,,,,
193,CSE430,CSE103,객체지향프로그래밍,REQUIRED,2003,,N,01,,1
194,CSE430,CSE207,객체지향프로그래밍,REQUIRED,2003,,N,01,,1
195,CSE430,CSE202,고급객체지향프로그래밍,REQUIRED,2003,,N,01,,1
196,CSE430,CSE103,객체지향프로그래밍,REQUIRED,2003,,Y,01,,1
197,CSE430,CSE207,객체지향프로그래밍,REQUIRED,2003,,Y,01,,1
198,CSE430,CSE202,고급객체지향프로그래밍,REQUIRED,2003,,Y,01,,1
199,EE210,,"회로이론, 웹/파이선프로그래밍",RECOMMENDED,,,,,,
200,IE208,IE207,실험통계학,REQUIRED,2014,,N,01,57,1
201,IE208,EE211,확률및랜덤변수,REQUIRED,2014,,N,01,57,1
202,IE215,IE101,공학프로그래밍입문,REQUIRED,2020,2020,N,01,57,1
203,IE215,SWCON104,웹/파이선프로그래밍,REQUIRED,2020,2020,N,01,57,1
204,IE215,IE101,공학프로그래밍입문,REQUIRED,2021,2021,N,01,57,1
205,IE215,SWCON104,웹/파이선프로그래밍,REQUIRED,2021,2021,N,01,57,1
206,ME376,ME375,메카트로닉스,REQUIRED,2016,,N,01,,1
207,ME376,ME476,메카트로닉스,REQUIRED,2016,,N,01,,1
208,ME376,ME380,시스템동역학,REQUIRED,2016,,N,02,,1
209,ME376,ME373,시스템모델링,REQUIRED,2016,,N,02,,1
210,CSE331,SWCON253,기계학습,REQUIRED,2022,2022,N,01,,1
211,CSE331,,"추천 선수과목: 선형대수, 확률 및 랜덤변수, 기계학습 함께 들으면 좋은 과목: 실전 기계학습",RECOMMENDED,,,,,,
212,EE342,,"미적분학1,2, 선형대수",RECOMMENDED,,,,,,
213,IE306,IE202,고객관계관리,REQUIRED,2011,2016,N,01,57,1
214,IE306,IE215,데이터사이언스,REQUIRED,2011,2016,N,01,57,1
215,IE306,IE202,고객관계관리,REQUIRED,2019,,N,01,,1
216,IE306,IE215,데이터사이언스,REQUIRED,2019,,N,01,,1
217,IE419,IE306,데이터마이닝,REQUIRED,2010,2018,N,01,57,1
218,IE419,IE306,데이터마이닝,REQUIRED,2019,,N,01,,1
219,ME375,ME275,전기전자회로,REQUIRED,2016,,N,01,57,1
220,ME375,ME271,동역학,REQUIRED,2016,,N,02,57,1
221,SWCON491,CSE103,객체지향프로그래밍,REQUIRED,2010,,N,01,,2
222,SWCON491,AMTH1004,선형대수,REQUIRED,2010,,N,01,,2
223,SWCON491,CSE207,객체지향프로그래밍,REQUIRED,2017,2017,N,01,0,2
224,SWCON491,AMTH1004,선형대수,REQUIRED,2017,2017,N,01,0,2
225,SWCON491,CSE103,객체지향프로그래밍,REQUIRED,2020,,N,01,,2
226,SWCON491,AMTH1004,선형대수,REQUIRED,2020,,N,01,,2
227,CSE204,EE213,객체지향프로그래밍및실습,REQUIRED,2003,,N,01,,1
228,CSE204,EE213,객체지향프로그래밍및실습,REQUIRED,2003,,Y,01,,1
229,CSE204,,Prerequisite: Advanced Object-oriented Programming,RECOMMENDED,,,,,,
230,IE208,IE207,실험통계학,REQUIRED,2014,2014,N,01,57,1
231,IE208,EE211,확률및랜덤변수,REQUIRED,2014,2014,N,01,57,1
232,IE208,IE207,실험통계학,REQUIRED,2016,2018,N,01,57,1
233,IE208,ME305,실험통계학,REQUIRED,2016,2018,N,01,57,1
234,IE208,NE301,실험통계학,REQUIRED,2016,2018,N,01,57,1
235,IE208,EE211,확률및랜덤변수,REQUIRED,2016,2018,N,01,57,1
236,IE208,IE207,실험통계학,REQUIRED,2019,,N,01,57,1
237,IE208,EE211,확률및랜덤변수,REQUIRED,2019,,N,01,57,1
238,IE215,IE104,기초프로그래밍,REQUIRED,2020,2020,N,01,57,1
239,SWCON424,,IE414 금융공학,RECOMMENDED,,,,,,
240,EE210,AMTH1003,고급미분적분학,REQUIRED,2003,,Y,01,,1
241,EE210,ENV273,공학수학1,REQUIRED,2003,,Y,01,,1
242,EE210,AMTH1009,미분적분학,REQUIRED,2003,,Y,01,,1
243,EE210,AMTH1003,미분적분학2,REQUIRED,2003,,Y,01,,1
244,ME380,ME271,동역학,REQUIRED,2019,,N,01,,1
245,ME475,ME271,동역학,REQUIRED,2016,,N,01,,1
246,SWCON314,SWCON212,게임PX디자인,REQUIRED,2017,,N,01,,1
247,SWCON314,SWCON212,게임UI/UX디자인,REQUIRED,2017,,N,01,,1
248,SWCON314,SWCON212,게임엔진기초,REQUIRED,2017,,N,01,,1
249,AI1002,SWCON104,웹/파이선프로그래밍,REQUIRED,2022,,N,01,,1
250,AI1003,AMTH1009,미분적분학,REQUIRED,2023,,N,01,,1
251,AI1003,EE209,논리회로,RECOMMENDED,,,,,,
252,CSE204,EE213,객체지향프로그래밍및실습,REQUIRED,2010,,N,01,,1
253,CSE204,,객체지향프로그래밍   또는   다전공 학생의 경우 객체지향프로그래밍 및 실습 과목도 선수강 인정,RECOMMENDED,,,,,,
254,CSE304,EE241,자료구조및알고리즘,REQUIRED,2003,,Y,01,,1
255,IE215,IE101,공학프로그래밍입문,REQUIRED,2020,,N,01,57,1
256,IE215,IE104,기초프로그래밍,REQUIRED,2020,,N,01,57,1
257,IE215,SWCON104,웹/파이선프로그래밍,REQUIRED,2020,,N,01,57,1
258,ME376,ME271,동역학,REQUIRED,2023,,N,01,57,1
259,SWCON322,IE306,데이터마이닝,REQUIRED,2010,2023,N,01,,1
260,SWCON424,IE329,금융공학,REQUIRED,2017,,N,01,,1
261,CSE204,CSE103,객체지향프로그래밍,REQUIRED,2003,2003,N,01,,1
262,CSE204,CSE207,객체지향프로그래밍,REQUIRED,2003,2003,N,01,,1
263,CSE204,PRETC010141,객체지향프로그래밍,REQUIRED,2003,2003,N,01,,1
264,CSE204,EXCH857921,객체지향프로그래밍(학점교류),REQUIRED,2003,2003,N,01,,1
265,CSE204,CSE202,고급객체지향프로그래밍,REQUIRED,2003,2003,N,01,,1
266,CSE204,PRETC019261,고급객체지향프로그래밍,REQUIRED,2003,2003,N,01,,1
267,CSE304,CSE204,자료구조,REQUIRED,2003,2003,N,01,,1
268,CSE304,EXCH700661,자료구조(학점교류),REQUIRED,2003,2003,N,01,,1
269,CSE304,EXCH700662,자료구조(학점교류),REQUIRED,2003,2003,N,01,,1
270,CSE304,EE241,자료구조및알고리즘,REQUIRED,2003,2003,N,01,,1
271,CSE406,SWCON103,디자인적사고,REQUIRED,2024,,N,01,,1
272,CSE406,CSE327,소프트웨어공학,REQUIRED,2024,,N,01,,1
273,CSE406,MGMT7050,시스템분석및설계,REQUIRED,2024,,N,01,,1
274,CSE406,,컴퓨터 네트워크 C Programming,RECOMMENDED,,,,,,
275,ME380,,"동역학, 수치해석",RECOMMENDED,,,,,,
276,ME391,ME271,동역학,REQUIRED,2024,2024,N,01,57,1
277,SWCON201,SWCON104,웹/파이선프로그래밍,REQUIRED,2018,2023,N,01,,1
278,SWCON491,CSE207,객체지향프로그래밍,REQUIRED,2010,,N,01,,2
279,SWCON491,MATH2111,선형대수학1,REQUIRED,2010,,N,01,,2
280,SWCON491,AMTH1010,응용선형대수특강,REQUIRED,2010,,N,01,,2
281,SWCON493,SWCON253,기계학습,REQUIRED,2010,,N,01,,2
282,SWCON493,SWCON104,웹/파이선프로그래밍,REQUIRED,2010,,N,01,,2
283,AI1003,AMTH1009,미분적분학,REQUIRED,2022,,N,01,,1
284,AI3003,SWCON493,자연언어처리,REQUIRED,2022,2024,N,01,,1
285,AI4001,SWCON103,디자인적사고,REQUIRED,2022,,N,01,,1
286,CSE304,CSE204,자료구조,REQUIRED,2010,2010,N,01,,1
287,CSE304,EE241,자료구조및알고리즘,REQUIRED,2010,2010,N,01,,1
288,CSE406,PRETC577931,기초공학설계,REQUIRED,2003,2003,N,01,57,1
289,CSE406,SWCON103,디자인적사고,REQUIRED,2003,2003,N,01,57,1
290,CSE430,EXCH857921,객체지향프로그래밍(학점교류),REQUIRED,2003,,N,01,,1
291,EE210,AMTH1003,고급미분적분학,REQUIRED,2003,2016,N,01,,1
292,EE210,AMTH1003,미분적분학2,REQUIRED,2003,2016,N,01,,1
293,EE461,EE363,자동제어,REQUIRED,2017,2023,N,01,,1
294,EE461,ME376,자동제어,REQUIRED,2017,2023,N,01,,1
295,IE208,IE207,실험통계학,REQUIRED,2012,2016,N,01,57,1
296,IE208,ME305,실험통계학,REQUIRED,2012,2016,N,01,57,1
297,IE208,NE301,실험통계학,REQUIRED,2012,2016,N,01,57,1
298,IE208,IE207,실험통계학,REQUIRED,2017,2018,N,01,57,1
299,IE208,ME305,실험통계학,REQUIRED,2017,2018,N,01,57,1
300,IE208,NE301,실험통계학,REQUIRED,2017,2018,N,01,57,1
301,IE208,EE211,확률및랜덤변수,REQUIRED,2017,2018,N,01,57,1
302,ME376,ME271,동역학,REQUIRED,2000,,N,01,57,1
303,SWCON314,SWCON212,게임엔진기초,RECOMMENDED,,,,,,
304,SWCON401,SWCON367,게임콘텐츠캡스톤디자인,REQUIRED,2010,,N,01,,1
305,SWCON401,SWCON321,데이터분석캡스톤디자인,REQUIRED,2010,,N,01,,1
306,SWCON401,SWCON332,로봇·비전캡스톤디자인,REQUIRED,2010,,N,01,,1
307,SWCON401,SWCON332,미래자동차·로봇캡스톤디자인,REQUIRED,2010,,N,01,,1
308,AI3001,CSE331,딥러닝,REQUIRED,2022,,N,01,,1
309,AI3001,CSE331,머신러닝,REQUIRED,2022,,N,01,,1
310,CSE302,EE209,논리회로,REQUIRED,2016,,N,01,,1
311,CSE406,SWCON103,디자인적사고,REQUIRED,2003,2024,N,01,,1
312,EE210,AMTH1003,고급미분적분학,REQUIRED,2003,,N,01,,1
313,EE210,AMTH1003,미분적분학2,REQUIRED,2003,,N,01,,1
314,EE210,AMTH1003,고급미분적분학,REQUIRED,2009,2017,N,01,,1
315,EE210,AMTH1003,미분적분학2,REQUIRED,2009,2017,N,01,,1
316,EE210,AMTH1003,고급미분적분학,REQUIRED,2010,2020,N,01,,1
317,EE210,AMTH1003,미분적분학2,REQUIRED,2010,2020,N,01,,1
318,EE210,AMTH1009,미분적분학,REQUIRED,2018,,N,01,,1
319,EE210,AMTH1002,미분적분학1,REQUIRED,2018,,N,01,,1
320,AI1002,SWCON104,웹/파이선프로그래밍,REQUIRED,2010,,N,01,,1
321,AI1003,AMTH1009,미분적분학,REQUIRED,2010,,N,01,,1
322,AI1003,AMTH1002,미분적분학1,REQUIRED,2010,,N,01,,1
323,AI1003,MATH1101,미적분학및연습1,REQUIRED,2010,,N,01,,1
324,AI1003,MATH1102,미적분학및연습2,REQUIRED,2010,,N,01,,1
325,CSE301,CSE204,자료구조,REQUIRED,2014,2017,N,01,,1
326,CSE301,,"CSE103 객체지향프로그래밍, CSE203 컴퓨터 구조, CSE204 자료구조",RECOMMENDED,,,,,,
327,CSE301,,"객체지향프로그래밍, 논리회로, 컴퓨터구조",RECOMMENDED,,,,,,
328,CSE304,CSE204,자료구조,REQUIRED,2010,,N,01,,1
329,CSE304,EE241,자료구조및알고리즘,REQUIRED,2010,,N,01,,1
330,CSE405,CSE406,캡스톤디자인,REQUIRED,2018,2018,N,01,,1
331,CSE405,CSE406,캡스톤디자인1,REQUIRED,2018,2018,N,01,,1
332,CSE406,SWCON103,디자인적사고,REQUIRED,2018,2024,N,01,,1
333,CSE430,CSE103,객체지향프로그래밍,REQUIRED,2003,2022,N,01,,1
334,CSE430,CSE207,객체지향프로그래밍,REQUIRED,2003,2022,N,01,,1
335,CSE430,EE213,객체지향프로그래밍및실습,REQUIRED,2003,2022,N,01,,1
336,CSE430,CSE202,고급객체지향프로그래밍,REQUIRED,2003,2022,N,01,,1
337,EE210,CE201,공학수학,REQUIRED,2003,,N,01,,1
338,EE210,AE202,공학수학1,REQUIRED,2003,,N,01,,1
339,EE210,AMIE202,공학수학1,REQUIRED,2003,,N,01,,1
340,EE210,BME102,공학수학1,REQUIRED,2003,,N,01,,1
341,EE210,CE201,공학수학1,REQUIRED,2003,,N,01,,1
342,EE210,CHE211,공학수학1,REQUIRED,2003,,N,01,,1
343,EE210,DISP2104,공학수학1,REQUIRED,2003,,N,01,,1
344,EE210,ENV273,공학수학1,REQUIRED,2003,,N,01,,1
345,EE210,IE203,공학수학1,REQUIRED,2003,,N,01,,1
346,EE210,ME113,공학수학1,REQUIRED,2003,,N,01,,1
347,EE210,ME201,공학수학1,REQUIRED,2003,,N,01,,1
348,EE210,MSE202,공학수학1,REQUIRED,2003,,N,01,,1
349,EE210,NE205,공학수학1,REQUIRED,2003,,N,01,,1
350,EE210,PRE570951,공학수학1,REQUIRED,2003,,N,01,,1
351,EE210,PRE570952,공학수학1,REQUIRED,2003,,N,01,,1
352,EE210,PRETC570951,공학수학1,REQUIRED,2003,,N,01,,1
353,EE210,PRETC570952,공학수학1,REQUIRED,2003,,N,01,,1
354,EE210,MATH1102,미적분학및연습2,REQUIRED,2003,,N,01,,1
355,EE210,PRE540741,미적분학및연습2,REQUIRED,2003,,N,01,,1
356,EE210,PRETC540741,미적분학및연습2,REQUIRED,2003,,N,01,,1
357,EE210,AMTH1009,미분적분학,REQUIRED,2009,2017,N,01,,1
358,EE210,AMTH1009,미분적분학,REQUIRED,2010,2020,N,01,,1
359,EE461,EE363,자동제어,REQUIRED,2010,2023,N,01,,1
360,EE461,ME376,자동제어,REQUIRED,2010,2023,N,01,,1
361,IE215,SWCON104,웹/파이선프로그래밍,REQUIRED,2020,,N,01,,1
362,SWCON207,,"선형대수학, 미적분학",RECOMMENDED,,,,,,
363,AI3001,CSE331,딥러닝,REQUIRED,2010,,N,01,,1
364,AI3001,CSE331,머신러닝,REQUIRED,2010,,N,01,,1
365,CSE203,EE209,논리회로,REQUIRED,2016,2017,N,01,,1
366,CSE301,,The C programming language,RECOMMENDED,,,,,,
367,CSE301,,컴퓨터구조,RECOMMENDED,,,,,,
368,CSE302,EE209,논리회로,REQUIRED,2015,2017,N,01,,1
369,CSE405,PRETC461551,졸업연구1,REQUIRED,2003,2021,N,01,,1
370,CSE405,PRETC424562,창의적설계,REQUIRED,2003,2021,N,01,,1
371,CSE405,PRETC702061,창의적설계1(컴퓨터공학),REQUIRED,2003,2021,N,01,,1
372,CSE405,CSE404,창의적종합설계(컴퓨터공학),REQUIRED,2003,2021,N,01,,1
373,CSE405,PRETC055261,창의적종합설계(컴퓨터공학),REQUIRED,2003,2021,N,01,,1
374,CSE405,AI4001,캡스톤디자인,REQUIRED,2003,2021,N,01,,1
375,CSE405,CSE406,캡스톤디자인,REQUIRED,2003,2021,N,01,,1
376,CSE405,AI4001,캡스톤디자인1,REQUIRED,2003,2021,N,01,,1
377,CSE405,CSE406,캡스톤디자인1,REQUIRED,2003,2021,N,01,,1
378,CSE405,CSE406,캡스톤디자인,REQUIRED,2018,,N,01,,1
379,CSE405,CSE406,캡스톤디자인1,REQUIRED,2018,,N,01,,1
380,EE210,DSPC2003,공학수학1,REQUIRED,2003,,N,01,,1
381,EE210,MEC102,공학수학1,REQUIRED,2003,,N,01,,1
382,EE210,DSPC2003,응용수학1,REQUIRED,2003,,N,01,,1
383,EE210,AMTH1003,고급미분적분학,REQUIRED,2009,,N,01,,1
384,EE210,AMTH1009,미분적분학,REQUIRED,2009,,N,01,,1
385,EE210,AMTH1002,미분적분학1,REQUIRED,2009,,N,01,,1
386,EE210,AMTH1003,미분적분학2,REQUIRED,2009,,N,01,,1
387,EE210,MATH1101,미적분학및연습1,REQUIRED,2009,,N,01,,1
388,EE210,MATH1102,미적분학및연습2,REQUIRED,2009,,N,01,,1
389,IE215,SWCON104,웹/파이선프로그래밍,REQUIRED,2020,,N,01,0,1
390,MEC340,ME271,동역학,REQUIRED,2019,,N,01,57,1
391,MEC340,MEC240,동역학,REQUIRED,2019,,N,01,57,1
392,MEC340,,"동역학, 수치해석",RECOMMENDED,,,,,,
393,MEC362,ME271,동역학,REQUIRED,2016,,N,01,57,1
394,MEC362,MEC240,동역학,REQUIRED,2016,,N,01,57,1
395,MEC363,ME271,동역학,REQUIRED,2024,,N,01,57,1
396,MEC363,MEC240,동역학,REQUIRED,2024,,N,01,57,1
397,AI3001,AI3002,AI and Ethics,RECOMMENDED,,,,,,
398,AI3001,SWCON104,Python Programming,RECOMMENDED,,,,,,
399,CSE204,CSE103,객체지향프로그래밍,REQUIRED,2010,2023,N,01,,1
400,CSE204,CSE207,객체지향프로그래밍,REQUIRED,2010,2023,N,01,,1
401,CSE204,EE213,객체지향프로그래밍및실습,REQUIRED,2010,2023,N,01,,1
402,CSE204,CSE202,고급객체지향프로그래밍,REQUIRED,2010,2023,N,01,,1
403,CSE331,SWCON253,기계학습,REQUIRED,2022,,N,01,,1
404,CSE430,CSE103,객체지향프로그래밍,REQUIRED,2003,2018,N,01,,1
405,CSE430,CSE207,객체지향프로그래밍,REQUIRED,2003,2018,N,01,,1
406,CSE430,CSE202,고급객체지향프로그래밍,REQUIRED,2003,2018,N,01,,1
407,EE210,AMTH1002,미분적분학1,REQUIRED,2009,2017,N,01,,1
408,EE210,MATH1101,미적분학및연습1,REQUIRED,2009,2017,N,01,,1
409,EE210,MATH1102,미적분학및연습2,REQUIRED,2009,2017,N,01,,1
410,EE461,MEC361,자동제어,REQUIRED,2010,2023,N,01,,1
411,EE461,MEC361,자동제어,REQUIRED,2017,,N,01,,1
412,IE208,EE211,확률및랜덤변수,REQUIRED,2017,2018,N,01,0,1
413,IE208,EE211,확률및랜덤변수,REQUIRED,2019,,N,01,0,1
414,MEC361,ME271,동역학,REQUIRED,2000,,N,01,57,1
415,MEC361,MEC240,동역학,REQUIRED,2000,,N,01,57,1
416,MEC361,,"공학수학1(Engineering Mathematics1), 공학수학2(Engineering Mathematics2)",RECOMMENDED,,,,,,
