prerequisite_id,source_syllabus_id
1,8
2,8
3,8
1,9
2,9
3,9
1,10
2,10
3,10
1,11
2,11
3,11
4,12
5,12
6,12
7,12
8,12
9,12
10,12
11,12
12,12
13,12
14,12
15,12
16,12
17,12
4,13
5,13
6,13
7,13
8,13
9,13
10,13
11,13
12,13
13,13
14,13
15,13
16,13
17,13
4,14
5,14
6,14
7,14
8,14
9,14
10,14
11,14
12,14
13,14
14,14
15,14
16,14
17,14
18,15
19,15
20,15
21,15
22,15
23,15
24,15
25,15
26,15
27,19
28,19
29,19
27,20
28,20
29,20
30,21
31,21
32,21
33,21
34,21
35,21
36,21
37,21
30,22
31,22
32,22
33,22
34,22
35,22
36,22
37,22
38,32
39,32
40,32
41,32
42,32
43,32
44,32
45,32
46,32
47,32
48,33
49,33
50,33
51,33
52,33
53,33
54,33
55,33
56,33
57,33
58,33
59,33
60,35
61,35
62,35
63,35
64,35
65,35
66,35
67,35
68,35
69,56
70,56
71,56
72,56
73,56
74,56
75,56
76,56
77,56
78,56
79,56
80,56
69,57
70,57
71,57
72,57
73,57
74,57
75,57
76,57
77,57
78,57
79,57
80,57
69,58
70,58
71,58
72,58
73,58
74,58
75,58
76,58
77,58
78,58
79,58
80,58
69,59
70,59
71,59
72,59
73,59
74,59
75,59
76,59
77,59
78,59
79,59
80,59
81,66
82,66
83,66
84,66
85,66
86,66
81,67
82,67
83,67
84,67
85,67
86,67
81,68
82,68
83,68
84,68
85,68
86,68
87,69
88,69
89,69
90,69
87,70
88,70
89,70
90,70
91,72
92,72
93,72
94,73
95,73
96,80
97,80
98,80
99,80
100,80
101,81
101,82
102,83
103,83
104,83
105,83
106,83
1,100
2,100
3,100
1,101
2,101
3,101
1,102
2,102
3,102
4,103
5,103
7,103
107,103
8,103
108,103
109,103
110,103
111,103
112,103
113,103
114,103
14,103
15,103
17,103
4,104
5,104
7,104
107,104
8,104
108,104
109,104
110,104
111,104
112,104
113,104
114,104
14,104
15,104
17,104
4,105
5,105
7,105
107,105
8,105
108,105
109,105
110,105
111,105
112,105
113,105
114,105
14,105
15,105
17,105
4,106
5,106
7,106
107,106
8,106
108,106
109,106
110,106
111,106
112,106
113,106
114,106
14,106
15,106
17,106
115,108
116,108
117,108
118,108
119,108
120,108
121,108
122,108
123,108
21,108
124,108
125,108
126,108
22,108
127,108
128,108
27,110
28,110
27,111
28,111
27,112
28,112
30,113
33,113
34,113
35,113
30,114
33,114
34,114
35,114
129,123
130,123
131,123
132,123
41,123
42,123
129,124
130,124
131,124
132,124
41,124
42,124
133,125
50,125
51,125
134,125
135,125
56,125
57,125
59,125
69,139
70,139
71,139
72,139
73,139
74,139
75,139
76,139
77,139
78,139
79,139
80,139
69,140
70,140
71,140
72,140
73,140
74,140
75,140
76,140
77,140
78,140
79,140
80,140
69,141
70,141
71,141
72,141
73,141
74,141
75,141
76,141
77,141
78,141
79,141
80,141
69,142
70,142
71,142
72,142
73,142
74,142
75,142
76,142
77,142
78,142
79,142
80,142
81,147
82,147
83,147
84,147
85,147
86,147
81,148
82,148
83,148
84,148
85,148
86,148
87,149
88,149
89,149
90,149
87,150
88,150
89,150
90,150
87,151
88,151
89,151
90,151
136,152
137,152
138,152
139,152
140,152
141,153
142,153
143,153
144,153
145,153
146,153
147,153
148,153
149,153
150,153
141,154
142,154
143,154
144,154
145,154
146,154
147,154
148,154
149,154
150,154
151,155
152,155
153,155
154,155
151,156
152,156
153,156
154,156
155,164
156,164
157,164
158,164
159,164
160,164
161,164
162,164
163,164
164,172
165,172
166,172
167,180
168,180
169,180
170,180
171,186
172,186
173,186
174,187
175,187
176,187
1,200
2,200
3,200
1,201
2,201
3,201
1,202
2,202
3,202
1,203
2,203
3,203
4,204
5,204
6,204
7,204
107,204
8,204
108,204
9,204
109,204
110,204
10,204
111,204
11,204
112,204
113,204
114,204
14,204
15,204
17,204
4,205
5,205
6,205
7,205
107,205
8,205
108,205
9,205
109,205
110,205
10,205
111,205
11,205
112,205
113,205
114,205
14,205
15,205
17,205
4,206
5,206
6,206
7,206
107,206
8,206
108,206
9,206
109,206
110,206
10,206
111,206
11,206
112,206
113,206
114,206
14,206
15,206
17,206
18,207
19,207
20,207
21,207
124,207
22,207
128,207
24,207
25,207
26,207
27,211
28,211
29,211
27,212
28,212
29,212
27,213
28,213
29,213
30,214
31,214
32,214
33,214
34,214
35,214
36,214
37,214
30,215
31,215
32,215
33,215
34,215
35,215
36,215
37,215
129,227
38,227
130,227
131,227
40,227
132,227
41,227
42,227
43,227
44,227
45,227
46,227
47,227
48,228
133,228
49,228
50,228
51,228
52,228
53,228
134,228
135,228
55,228
56,228
57,228
58,228
59,228
60,232
61,232
177,232
62,232
178,232
63,232
64,232
65,232
66,232
67,232
68,232
69,254
71,254
72,254
74,254
75,254
77,254
78,254
79,254
80,254
69,255
71,255
72,255
74,255
75,255
77,255
78,255
79,255
80,255
69,256
71,256
72,256
74,256
75,256
77,256
78,256
79,256
80,256
69,257
71,257
72,257
74,257
75,257
77,257
78,257
79,257
80,257
81,264
82,264
83,264
84,264
85,264
86,264
81,265
82,265
83,265
84,265
85,265
86,265
81,266
82,266
83,266
84,266
85,266
86,266
87,267
88,267
89,267
90,267
87,268
88,268
89,268
90,268
91,271
92,271
93,271
91,272
92,272
93,272
179,274
180,275
96,275
97,275
100,275
101,276
101,277
103,278
105,278
106,278
181,288
182,288
183,288
184,288
185,288
186,288
187,288
188,288
189,288
171,296
172,296
1,301
2,301
3,301
190,301
1,302
2,302
3,302
191,302
4,303
5,303
7,303
107,303
8,303
108,303
14,303
15,303
17,303
192,303
4,304
5,304
7,304
107,304
8,304
108,304
14,304
15,304
17,304
192,304
4,305
5,305
7,305
107,305
8,305
108,305
14,305
15,305
17,305
115,307
116,307
117,307
118,307
119,307
120,307
121,307
122,307
123,307
21,307
124,307
125,307
126,307
22,307
127,307
128,307
27,310
28,310
27,311
28,311
27,312
28,312
30,314
33,314
34,314
35,314
30,315
33,315
34,315
35,315
129,326
130,326
131,326
132,326
41,326
42,326
133,327
50,327
51,327
134,327
135,327
56,327
57,327
59,327
193,328
194,328
195,328
196,328
197,328
198,328
69,343
71,343
72,343
74,343
75,343
77,343
78,343
79,343
80,343
69,344
71,344
72,344
74,344
75,344
77,344
78,344
79,344
80,344
199,344
69,345
71,345
72,345
74,345
75,345
77,345
78,345
79,345
80,345
81,349
82,349
83,349
84,349
85,349
86,349
81,350
82,350
83,350
84,350
85,350
86,350
87,351
88,351
89,351
90,351
87,352
88,352
89,352
90,352
87,353
88,353
89,353
90,353
200,354
201,354
145,354
146,354
147,354
148,354
202,355
203,355
204,355
205,355
202,356
203,356
204,356
205,356
155,367
156,367
157,367
206,367
207,367
208,367
209,367
162,367
163,367
167,386
168,386
169,386
170,386
171,392
172,392
173,392
1,407
2,407
3,407
191,407
1,408
2,408
3,408
190,408
1,409
2,409
3,409
4,410
5,410
6,410
7,410
107,410
8,410
108,410
9,410
109,410
110,410
10,410
111,410
11,410
112,410
113,410
114,410
14,410
15,410
17,410
4,411
5,411
6,411
7,411
107,411
8,411
108,411
9,411
109,411
110,411
10,411
111,411
11,411
112,411
113,411
114,411
14,411
15,411
17,411
4,412
5,412
6,412
7,412
107,412
8,412
108,412
9,412
109,412
110,412
10,412
111,412
11,412
112,412
113,412
114,412
14,412
15,412
17,412
18,413
19,413
20,413
21,413
124,413
22,413
128,413
24,413
25,413
26,413
27,418
28,418
29,418
27,419
28,419
29,419
27,420
28,420
29,420
30,421
31,421
32,421
33,421
34,421
35,421
36,421
37,421
30,422
31,422
32,422
33,422
34,422
35,422
36,422
37,422
210,429
211,429
129,433
38,433
130,433
131,433
40,433
132,433
41,433
42,433
43,433
44,433
45,433
46,433
47,433
48,434
133,434
49,434
50,434
51,434
52,434
53,434
134,434
135,434
55,434
56,434
57,434
58,434
59,434
60,438
61,438
177,438
62,438
178,438
63,438
64,438
65,438
66,438
67,438
68,438
69,459
71,459
72,459
74,459
75,459
77,459
78,459
79,459
80,459
69,460
71,460
72,460
74,460
75,460
77,460
78,460
79,460
80,460
69,461
71,461
72,461
74,461
75,461
77,461
78,461
79,461
80,461
199,461
69,462
71,462
72,462
74,462
75,462
77,462
78,462
79,462
80,462
81,469
82,469
83,469
84,469
85,469
86,469
81,470
82,470
83,470
84,470
85,470
86,470
81,471
82,471
83,471
84,471
85,471
86,471
87,472
88,472
89,472
90,472
87,473
88,473
89,473
90,473
212,473
213,476
214,476
215,476
216,476
93,476
213,477
214,477
215,477
216,477
93,477
217,478
218,478
180,479
219,479
220,479
100,479
101,480
101,481
103,482
105,482
106,482
181,494
182,494
183,494
184,494
185,494
186,494
187,494
188,494
189,494
171,506
172,506
173,506
221,508
222,508
223,508
224,508
225,508
226,508
1,515
2,515
3,515
191,515
1,516
2,516
3,516
190,516
4,517
5,517
227,517
7,517
107,517
8,517
108,517
14,517
15,517
228,517
17,517
4,518
5,518
227,518
7,518
107,518
8,518
108,518
14,518
15,518
228,518
17,518
229,518
115,520
116,520
117,520
118,520
119,520
120,520
121,520
122,520
123,520
21,520
124,520
125,520
126,520
22,520
127,520
128,520
27,523
28,523
27,524
28,524
27,525
28,525
27,526
28,526
30,527
33,527
34,527
35,527
30,528
33,528
34,528
35,528
129,538
130,538
131,538
132,538
41,538
42,538
129,539
130,539
131,539
132,539
41,539
42,539
129,540
130,540
131,540
132,540
41,540
42,540
129,541
130,541
131,541
132,541
41,541
42,541
129,542
130,542
131,542
132,542
41,542
42,542
133,543
50,543
51,543
134,543
135,543
56,543
57,543
59,543
133,544
50,544
51,544
134,544
135,544
56,544
57,544
59,544
193,545
194,545
195,545
196,545
197,545
198,545
69,558
71,558
72,558
74,558
75,558
77,558
78,558
79,558
80,558
69,559
71,559
72,559
74,559
75,559
77,559
78,559
79,559
80,559
69,560
71,560
72,560
74,560
75,560
77,560
78,560
79,560
80,560
69,561
71,561
72,561
74,561
75,561
77,561
78,561
79,561
80,561
199,561
81,566
82,566
83,566
84,566
85,566
86,566
81,567
82,567
83,567
84,567
85,567
86,567
87,568
88,568
89,568
90,568
87,569
88,569
89,569
90,569
87,570
88,570
89,570
90,570
212,570
230,571
231,571
232,571
233,571
234,571
235,571
236,571
237,571
202,572
238,572
203,572
202,573
238,573
203,573
155,581
156,581
157,581
206,581
207,581
208,581
209,581
167,600
168,600
169,600
171,610
172,610
173,610
174,611
175,611
176,611
239,611
69,701
71,701
72,701
74,701
75,701
77,701
240,701
241,701
242,701
243,701
69,702
71,702
72,702
74,702
75,702
77,702
240,702
241,702
242,702
243,702
69,703
71,703
72,703
74,703
75,703
77,703
240,703
241,703
242,703
243,703
199,703
69,704
71,704
72,704
74,704
75,704
77,704
240,704
241,704
242,704
243,704
215,714
216,714
93,714
218,716
180,717
100,717
244,718
244,719
245,720
105,720
106,720
181,735
182,735
183,735
246,735
247,735
248,735
187,735
188,735
189,735
221,775
222,775
223,775
224,775
225,775
226,775
249,778
250,779
251,779
2,791
3,791
191,791
2,792
3,792
190,792
2,793
3,793
107,794
8,794
252,794
108,794
14,794
15,794
228,794
17,794
253,794
107,795
8,795
252,795
108,795
14,795
15,795
228,795
17,795
253,795
107,796
8,796
252,796
108,796
14,796
15,796
228,796
17,796
35,803
254,803
35,804
254,804
129,813
130,813
131,813
132,813
41,813
42,813
129,814
130,814
131,814
132,814
41,814
42,814
133,815
50,815
51,815
134,815
135,815
56,815
57,815
59,815
133,816
50,816
51,816
134,816
135,816
56,816
57,816
59,816
133,817
50,817
51,817
134,817
135,817
56,817
57,817
59,817
133,818
50,818
51,818
134,818
135,818
56,818
57,818
59,818
133,819
50,819
51,819
134,819
135,819
56,819
57,819
59,819
133,820
50,820
51,820
134,820
135,820
56,820
57,820
59,820
133,821
50,821
51,821
134,821
135,821
56,821
57,821
59,821
133,822
50,822
51,822
134,822
135,822
56,822
57,822
59,822
133,823
50,823
51,823
134,823
135,823
56,823
57,823
59,823
133,824
50,824
51,824
134,824
135,824
56,824
57,824
59,824
133,825
50,825
51,825
134,825
135,825
56,825
57,825
59,825
133,826
50,826
51,826
134,826
135,826
56,826
57,826
59,826
133,827
50,827
51,827
134,827
135,827
56,827
57,827
59,827
133,828
50,828
51,828
134,828
135,828
56,828
57,828
59,828
133,829
50,829
51,829
134,829
135,829
56,829
57,829
59,829
133,830
50,830
51,830
134,830
135,830
56,830
57,830
59,830
133,831
50,831
51,831
134,831
135,831
56,831
57,831
59,831
69,844
71,844
72,844
74,844
75,844
77,844
78,844
79,844
80,844
69,845
71,845
72,845
74,845
75,845
77,845
78,845
79,845
80,845
69,846
71,846
72,846
74,846
75,846
77,846
78,846
79,846
80,846
69,847
71,847
72,847
74,847
75,847
77,847
78,847
79,847
80,847
199,847
136,852
137,852
138,852
139,852
140,852
230,853
231,853
232,853
233,853
234,853
235,853
236,853
237,853
255,854
256,854
257,854
255,855
256,855
257,855
258,860
259,891
168,891
169,891
171,919
172,919
173,919
260,920
176,920
239,920
261,946
262,946
263,946
264,946
265,946
266,946
253,946
261,947
262,947
263,947
264,947
265,947
266,947
253,947
261,948
262,948
263,948
264,948
265,948
266,948
28,953
29,953
28,954
29,954
28,955
29,955
28,956
29,956
267,957
268,957
269,957
270,957
267,958
268,958
269,958
270,958
210,965
48,969
133,969
49,969
50,969
51,969
52,969
53,969
134,969
271,969
272,969
273,969
135,969
55,969
56,969
57,969
58,969
59,969
48,970
133,970
49,970
50,970
51,970
52,970
53,970
134,970
271,970
272,970
273,970
135,970
55,970
56,970
57,970
58,970
59,970
48,971
133,971
49,971
50,971
51,971
52,971
53,971
134,971
271,971
272,971
273,971
135,971
55,971
56,971
57,971
58,971
59,971
48,972
133,972
49,972
50,972
51,972
52,972
53,972
134,972
271,972
272,972
273,972
135,972
55,972
56,972
57,972
58,972
59,972
48,973
133,973
49,973
50,973
51,973
52,973
53,973
134,973
271,973
272,973
273,973
135,973
55,973
56,973
57,973
58,973
59,973
48,974
133,974
49,974
50,974
51,974
52,974
53,974
134,974
271,974
272,974
273,974
135,974
55,974
56,974
57,974
58,974
59,974
48,975
133,975
49,975
50,975
51,975
52,975
53,975
134,975
271,975
272,975
273,975
135,975
55,975
56,975
57,975
58,975
59,975
48,976
133,976
49,976
50,976
51,976
52,976
53,976
134,976
271,976
272,976
273,976
135,976
55,976
56,976
57,976
58,976
59,976
48,977
133,977
49,977
50,977
51,977
52,977
53,977
134,977
271,977
272,977
273,977
135,977
55,977
56,977
57,977
58,977
59,977
48,978
133,978
49,978
50,978
51,978
52,978
53,978
134,978
271,978
272,978
273,978
135,978
55,978
56,978
57,978
58,978
59,978
48,979
133,979
49,979
50,979
51,979
52,979
53,979
134,979
271,979
272,979
273,979
135,979
55,979
56,979
57,979
58,979
59,979
48,980
133,980
49,980
50,980
51,980
52,980
53,980
134,980
271,980
272,980
273,980
135,980
55,980
56,980
57,980
58,980
59,980
274,980
48,981
133,981
49,981
50,981
51,981
52,981
53,981
134,981
271,981
272,981
273,981
135,981
55,981
56,981
57,981
58,981
59,981
48,982
133,982
49,982
50,982
51,982
52,982
53,982
134,982
271,982
272,982
273,982
135,982
55,982
56,982
57,982
58,982
59,982
48,983
133,983
49,983
50,983
51,983
52,983
53,983
134,983
271,983
272,983
273,983
135,983
55,983
56,983
57,983
58,983
59,983
48,984
133,984
49,984
50,984
51,984
52,984
53,984
134,984
271,984
272,984
273,984
135,984
55,984
56,984
57,984
58,984
59,984
48,985
133,985
49,985
50,985
51,985
52,985
53,985
134,985
271,985
272,985
273,985
135,985
55,985
56,985
57,985
58,985
59,985
48,986
133,986
49,986
50,986
51,986
52,986
53,986
134,986
271,986
272,986
273,986
135,986
55,986
56,986
57,986
58,986
59,986
48,987
133,987
49,987
50,987
51,987
52,987
53,987
134,987
271,987
272,987
273,987
135,987
55,987
56,987
57,987
58,987
59,987
48,988
133,988
49,988
50,988
51,988
52,988
53,988
134,988
271,988
272,988
273,988
135,988
55,988
56,988
57,988
58,988
59,988
48,989
133,989
49,989
50,989
51,989
52,989
53,989
134,989
271,989
272,989
273,989
135,989
55,989
56,989
57,989
58,989
59,989
274,989
48,990
133,990
49,990
50,990
51,990
52,990
53,990
134,990
271,990
272,990
273,990
135,990
55,990
56,990
57,990
58,990
59,990
48,991
133,991
49,991
50,991
51,991
52,991
53,991
134,991
271,991
272,991
273,991
135,991
55,991
56,991
57,991
58,991
59,991
48,992
133,992
49,992
50,992
51,992
52,992
53,992
134,992
271,992
272,992
273,992
135,992
55,992
56,992
57,992
58,992
59,992
48,993
133,993
49,993
50,993
51,993
52,993
53,993
134,993
271,993
272,993
273,993
135,993
55,993
56,993
57,993
58,993
59,993
48,994
133,994
49,994
50,994
51,994
52,994
53,994
134,994
271,994
272,994
273,994
135,994
55,994
56,994
57,994
58,994
59,994
48,995
133,995
49,995
50,995
51,995
52,995
53,995
134,995
271,995
272,995
273,995
135,995
55,995
56,995
57,995
58,995
59,995
48,996
133,996
49,996
50,996
51,996
52,996
53,996
134,996
271,996
272,996
273,996
135,996
55,996
56,996
57,996
58,996
59,996
48,997
133,997
49,997
50,997
51,997
52,997
53,997
134,997
271,997
272,997
273,997
135,997
55,997
56,997
57,997
58,997
59,997
69,1022
71,1022
72,1022
74,1022
75,1022
77,1022
199,1022
69,1023
71,1023
72,1023
74,1023
75,1023
77,1023
199,1023
69,1024
71,1024
72,1024
74,1024
75,1024
77,1024
69,1025
71,1025
72,1025
74,1025
75,1025
77,1025
255,1034
256,1034
257,1034
255,1035
256,1035
257,1035
91,1038
92,1038
93,1038
101,1041
275,1041
101,1042
276,1043
276,1044
277,1050
171,1105
221,1107
278,1107
222,1107
279,1107
280,1107
281,1109
282,1109
249,1112
283,1113
251,1113
284,1114
285,1116
2,1123
190,1123
2,1124
191,1124
2,1125
261,1126
262,1126
263,1126
264,1126
265,1126
266,1126
107,1126
8,1126
252,1126
108,1126
261,1127
262,1127
263,1127
264,1127
265,1127
266,1127
107,1127
8,1127
252,1127
108,1127
253,1127
261,1128
262,1128
263,1128
264,1128
265,1128
266,1128
107,1128
8,1128
252,1128
108,1128
286,1137
287,1137
286,1138
287,1138
210,1144
211,1144
210,1145
129,1150
130,1150
131,1150
132,1150
41,1150
42,1150
129,1151
130,1151
131,1151
132,1151
41,1151
42,1151
129,1152
130,1152
131,1152
132,1152
41,1152
42,1152
288,1153
289,1153
271,1153
272,1153
273,1153
288,1154
289,1154
271,1154
272,1154
273,1154
288,1155
289,1155
271,1155
272,1155
273,1155
288,1156
289,1156
271,1156
272,1156
273,1156
288,1157
289,1157
271,1157
272,1157
273,1157
288,1158
289,1158
271,1158
272,1158
273,1158
288,1159
289,1159
271,1159
272,1159
273,1159
288,1160
289,1160
271,1160
272,1160
273,1160
288,1161
289,1161
271,1161
272,1161
273,1161
288,1162
289,1162
271,1162
272,1162
273,1162
288,1163
289,1163
271,1163
272,1163
273,1163
288,1164
289,1164
271,1164
272,1164
273,1164
274,1164
288,1165
289,1165
271,1165
272,1165
273,1165
288,1166
289,1166
271,1166
272,1166
273,1166
288,1167
289,1167
271,1167
272,1167
273,1167
288,1168
289,1168
271,1168
272,1168
273,1168
288,1169
289,1169
271,1169
272,1169
273,1169
193,1170
194,1170
290,1170
195,1170
291,1195
292,1195
75,1195
77,1195
199,1195
291,1196
292,1196
75,1196
77,1196
291,1197
292,1197
75,1197
77,1197
291,1198
292,1198
75,1198
77,1198
136,1203
137,1203
293,1203
294,1203
140,1203
295,1205
296,1205
297,1205
298,1205
299,1205
300,1205
301,1205
236,1205
237,1205
295,1206
296,1206
297,1206
298,1206
299,1206
300,1206
301,1206
236,1206
237,1206
302,1211
164,1221
165,1221
181,1231
182,1231
183,1231
303,1231
304,1265
305,1265
306,1265
307,1265
304,1266
305,1266
306,1266
307,1266
304,1267
305,1267
306,1267
307,1267
304,1268
305,1268
306,1268
307,1268
304,1269
305,1269
306,1269
307,1269
304,1270
305,1270
306,1270
307,1270
304,1271
305,1271
306,1271
307,1271
304,1272
305,1272
306,1272
307,1272
304,1273
305,1273
306,1273
307,1273
304,1274
305,1274
306,1274
307,1274
304,1275
305,1275
306,1275
307,1275
304,1276
305,1276
306,1276
307,1276
304,1277
305,1277
306,1277
307,1277
304,1278
305,1278
306,1278
307,1278
304,1279
305,1279
306,1279
307,1279
304,1280
305,1280
306,1280
307,1280
171,1281
308,1296
309,1296
2,1308
2,1309
191,1309
107,1310
8,1310
252,1310
108,1310
253,1310
107,1311
8,1311
252,1311
108,1311
310,1315
310,1316
310,1317
286,1318
287,1318
286,1319
287,1319
286,1320
287,1320
210,1326
211,1326
129,1329
130,1329
131,1329
40,1329
132,1329
41,1329
42,1329
311,1330
311,1331
311,1332
311,1333
311,1334
311,1335
311,1336
311,1337
311,1338
311,1339
311,1340
274,1340
311,1341
311,1342
312,1372
313,1372
314,1372
315,1372
316,1372
317,1372
318,1372
319,1372
312,1373
313,1373
314,1373
315,1373
316,1373
317,1373
318,1373
319,1373
312,1374
313,1374
314,1374
315,1374
316,1374
317,1374
318,1374
319,1374
101,1386
275,1386
101,1387
101,1388
275,1388
276,1389
276,1390
304,1418
305,1418
306,1418
307,1418
304,1419
305,1419
306,1419
307,1419
304,1420
305,1420
306,1420
307,1420
304,1421
305,1421
306,1421
307,1421
304,1422
305,1422
306,1422
307,1422
304,1423
305,1423
306,1423
307,1423
304,1424
305,1424
306,1424
307,1424
304,1425
305,1425
306,1425
307,1425
171,1426
221,1428
278,1428
222,1428
279,1428
280,1428
320,1433
321,1434
322,1434
323,1434
324,1434
2,1444
191,1444
2,1445
107,1446
8,1446
252,1446
108,1446
107,1447
8,1447
252,1447
108,1447
107,1448
8,1448
252,1448
108,1448
253,1448
325,1449
326,1449
325,1450
327,1450
310,1451
310,1452
310,1453
310,1454
328,1455
329,1455
328,1456
329,1456
210,1462
211,1462
210,1463
211,1463
129,1467
130,1467
131,1467
40,1467
132,1467
41,1467
42,1467
330,1467
331,1467
332,1468
332,1469
332,1470
332,1471
332,1472
332,1473
332,1474
332,1475
332,1476
332,1477
274,1477
332,1478
332,1479
332,1480
333,1481
334,1481
335,1481
336,1481
312,1496
337,1496
338,1496
339,1496
340,1496
341,1496
342,1496
343,1496
344,1496
345,1496
346,1496
347,1496
348,1496
349,1496
350,1496
351,1496
352,1496
353,1496
313,1496
354,1496
355,1496
356,1496
357,1496
316,1496
358,1496
317,1496
318,1496
319,1496
312,1497
337,1497
338,1497
339,1497
340,1497
341,1497
342,1497
343,1497
344,1497
345,1497
346,1497
347,1497
348,1497
349,1497
350,1497
351,1497
352,1497
353,1497
313,1497
354,1497
355,1497
356,1497
357,1497
316,1497
358,1497
317,1497
318,1497
319,1497
312,1498
337,1498
338,1498
339,1498
340,1498
341,1498
342,1498
343,1498
344,1498
345,1498
346,1498
347,1498
348,1498
349,1498
350,1498
351,1498
352,1498
353,1498
313,1498
354,1498
355,1498
356,1498
357,1498
316,1498
358,1498
317,1498
318,1498
319,1498
359,1504
360,1504
138,1504
139,1504
295,1506
296,1506
297,1506
298,1506
299,1506
300,1506
301,1506
236,1506
237,1506
295,1507
296,1507
297,1507
298,1507
299,1507
300,1507
301,1507
236,1507
237,1507
255,1508
256,1508
361,1508
91,1510
92,1510
93,1510
302,1514
164,1522
165,1522
362,1522
181,1533
182,1533
183,1533
303,1533
304,1544
305,1544
306,1544
307,1544
304,1545
305,1545
306,1545
307,1545
304,1546
305,1546
306,1546
307,1546
304,1547
305,1547
306,1547
307,1547
304,1548
305,1548
306,1548
307,1548
304,1549
305,1549
306,1549
307,1549
304,1550
305,1550
306,1550
307,1550
304,1551
305,1551
306,1551
307,1551
171,1552
320,1566
321,1567
322,1567
323,1567
324,1567
363,1568
364,1568
2,1582
365,1582
2,1583
365,1583
191,1583
107,1584
8,1584
252,1584
108,1584
107,1585
8,1585
252,1585
108,1585
107,1586
8,1586
252,1586
108,1586
325,1587
366,1587
325,1588
367,1588
368,1589
310,1589
368,1590
310,1590
368,1591
310,1591
286,1592
287,1592
286,1593
287,1593
210,1602
211,1602
369,1606
370,1606
371,1606
372,1606
373,1606
374,1606
375,1606
376,1606
377,1606
378,1606
379,1606
332,1607
332,1608
332,1609
332,1610
332,1611
332,1612
332,1613
332,1614
332,1615
274,1615
332,1616
332,1617
332,1618
312,1639
337,1639
338,1639
339,1639
340,1639
341,1639
342,1639
343,1639
380,1639
344,1639
345,1639
346,1639
347,1639
381,1639
348,1639
349,1639
350,1639
352,1639
353,1639
313,1639
355,1639
356,1639
382,1639
383,1639
384,1639
385,1639
386,1639
387,1639
388,1639
316,1639
317,1639
318,1639
319,1639
312,1640
337,1640
338,1640
339,1640
340,1640
341,1640
342,1640
343,1640
380,1640
344,1640
345,1640
346,1640
347,1640
381,1640
348,1640
349,1640
350,1640
352,1640
353,1640
313,1640
355,1640
356,1640
382,1640
383,1640
384,1640
385,1640
386,1640
387,1640
388,1640
316,1640
317,1640
318,1640
319,1640
312,1641
337,1641
338,1641
339,1641
340,1641
341,1641
342,1641
343,1641
380,1641
344,1641
345,1641
346,1641
347,1641
381,1641
348,1641
349,1641
350,1641
352,1641
353,1641
313,1641
355,1641
356,1641
382,1641
383,1641
384,1641
385,1641
386,1641
387,1641
388,1641
316,1641
317,1641
318,1641
319,1641
255,1649
256,1649
389,1649
91,1651
92,1651
93,1651
390,1654
391,1654
392,1654
390,1655
391,1655
393,1656
394,1656
395,1657
396,1657
395,1658
396,1658
304,1684
305,1684
306,1684
307,1684
304,1685
305,1685
306,1685
307,1685
304,1686
305,1686
306,1686
307,1686
304,1687
305,1687
306,1687
307,1687
304,1688
305,1688
306,1688
307,1688
304,1689
305,1689
306,1689
307,1689
304,1690
305,1690
306,1690
307,1690
171,1691
221,1693
278,1693
222,1693
279,1693
280,1693
320,1697
321,1698
322,1698
323,1698
324,1698
363,1699
364,1699
397,1699
398,1699
2,1724
365,1724
191,1724
2,1725
365,1725
399,1726
400,1726
401,1726
402,1726
399,1727
400,1727
401,1727
402,1727
399,1728
400,1728
401,1728
402,1728
325,1729
326,1729
325,1730
368,1731
310,1731
368,1732
310,1732
368,1733
310,1733
328,1734
329,1734
328,1735
329,1735
403,1742
403,1743
211,1743
369,1747
370,1747
371,1747
372,1747
373,1747
374,1747
375,1747
376,1747
377,1747
378,1747
379,1747
332,1748
332,1749
332,1750
332,1751
332,1752
332,1753
332,1754
274,1754
332,1755
332,1756
332,1757
332,1758
332,1759
404,1760
405,1760
406,1760
312,1778
337,1778
338,1778
339,1778
340,1778
341,1778
342,1778
343,1778
380,1778
344,1778
345,1778
346,1778
347,1778
381,1778
348,1778
349,1778
350,1778
352,1778
353,1778
313,1778
355,1778
356,1778
382,1778
314,1778
357,1778
407,1778
315,1778
408,1778
409,1778
316,1778
317,1778
318,1778
319,1778
312,1779
337,1779
338,1779
339,1779
340,1779
341,1779
342,1779
343,1779
380,1779
344,1779
345,1779
346,1779
347,1779
381,1779
348,1779
349,1779
350,1779
352,1779
353,1779
313,1779
355,1779
356,1779
382,1779
314,1779
357,1779
407,1779
315,1779
408,1779
409,1779
316,1779
317,1779
318,1779
319,1779
312,1780
337,1780
338,1780
339,1780
340,1780
341,1780
342,1780
343,1780
380,1780
344,1780
345,1780
346,1780
347,1780
381,1780
348,1780
349,1780
350,1780
352,1780
353,1780
313,1780
355,1780
356,1780
382,1780
314,1780
357,1780
407,1780
315,1780
408,1780
409,1780
316,1780
317,1780
318,1780
319,1780
359,1785
360,1785
410,1785
138,1785
139,1785
411,1785
295,1787
296,1787
297,1787
298,1787
299,1787
300,1787
412,1787
236,1787
413,1787
255,1788
256,1788
361,1788
91,1790
92,1790
93,1790
414,1794
415,1794
416,1794
164,1802
165,1802
362,1802
181,1811
182,1811
183,1811
303,1811
304,1824
305,1824
306,1824
307,1824
304,1825
305,1825
306,1825
307,1825
304,1826
305,1826
306,1826
307,1826
304,1827
305,1827
306,1827
307,1827
304,1828
305,1828
306,1828
307,1828
304,1829
305,1829
306,1829
307,1829
304,1830
305,1830
306,1830
307,1830
171,1831
