requirement_category_id,requirement_id,category_id,min_credits,min_areas,per_area_min_credits
1,1,1,18,,
2,1,2,45,,
3,1,3,27,,
4,2,1,18,,
5,2,2,42,,
6,2,3,27,,
7,3,1,18,,
8,3,2,42,,
9,3,3,27,,
10,4,1,12,,
11,4,2,42,,
12,4,3,27,,
13,5,1,12,,
14,5,2,42,,
15,5,3,27,,
16,6,1,15,,
17,6,2,37,,
18,6,3,36,,
19,7,1,15,,
20,7,2,37,,
21,7,3,36,,
22,8,1,15,,
23,8,2,37,,
24,8,3,36,,
25,9,1,15,,
26,9,2,37,,
27,9,3,36,,
28,10,1,15,,
29,10,2,37,,
30,10,3,36,,
31,11,1,18,,
32,11,2,48,,
33,11,3,30,,
34,12,1,18,,
35,12,2,45,,
36,12,3,30,,
37,13,1,15,,
38,13,2,45,,
39,13,3,27,,
40,14,1,12,,
41,14,2,42,,
42,14,3,27,,
43,15,1,12,,
44,15,2,39,,
45,15,3,30,,
