requirement_other_id,requirement_id,type,condition
1,1,산학필수,10학점 이상
2,1,전공영어강좌,3과목 이상
3,1,SW교육,6학점 (편입생 및 순수외국인 제외)
4,1,졸업논문,캡스톤디자인·졸업프로젝트 이수 후 졸업논문(인공지능) 수강
5,1,졸업능력인증,교육과정 PDF의 외국어 졸업능력인증 기준 충족
6,2,산학필수,12학점 이상
7,2,전공영어강좌,3과목 이상
8,2,SW교육,6학점 (편입생 및 순수외국인 제외)
9,2,졸업논문,캡스톤디자인·졸업프로젝트 이수 후 졸업논문(인공지능) 수강
10,3,산학필수,9학점 이상
11,3,전공영어강좌,3과목 이상
12,3,SW교육,6학점 (편입생 및 순수외국인 제외)
13,3,졸업논문,캡스톤디자인·졸업프로젝트 이수 후 졸업논문(인공지능) 수강
14,4,산학필수,9학점 이상
15,4,전공영어강좌,3과목 이상
16,4,SW교육,6학점 (편입생 및 순수외국인 제외)
17,4,졸업논문,캡스톤디자인·졸업프로젝트 이수 후 졸업논문(인공지능) 수강
18,5,산학필수,9학점 이상
19,5,전공영어강좌,3과목 이상
20,5,SW교육,6학점 (편입생 및 순수외국인 제외)
21,5,졸업논문,캡스톤디자인·졸업프로젝트 이수 후 졸업논문(인공지능) 수강
22,5,다전공등,다전공·부전공·마이크로디그리 중 1개 이상 필수
23,6,산학필수,10학점 이상
24,6,전공영어강좌,3과목 이상
25,6,SW교육,6학점 (편입생 및 순수외국인 제외)
26,6,졸업논문,소프트웨어융합캡스톤디자인 이수 후 졸업논문(소프트웨어융합) 수강 및 제출
27,6,트랙별 필수,소속 트랙의 지정 필수과목 충족
28,6,졸업능력인증,교육과정 PDF의 외국어 졸업능력인증 기준 충족
29,7,산학필수,10학점 이상
30,7,전공영어강좌,3과목 이상
31,7,SW교육,6학점 (편입생 및 순수외국인 제외)
32,7,졸업논문,소프트웨어융합캡스톤디자인 이수 후 졸업논문(소프트웨어융합) 수강 및 제출
33,7,트랙별 필수,소속 트랙의 지정 필수과목 충족
34,8,산학필수,10학점 이상
35,8,전공영어강좌,3과목 이상
36,8,SW교육,6학점 (편입생 및 순수외국인 제외)
37,8,졸업논문,소프트웨어융합캡스톤디자인 이수 후 졸업논문(소프트웨어융합) 수강 및 제출
38,8,트랙별 필수,소속 트랙의 지정 필수과목 충족
39,9,산학필수,10학점 이상
40,9,전공영어강좌,3과목 이상
41,9,SW교육,6학점 (편입생 및 순수외국인 제외)
42,9,졸업논문,소프트웨어융합캡스톤디자인 이수 후 졸업논문(소프트웨어융합) 수강 및 제출
43,9,트랙별 필수,소속 트랙의 지정 필수과목 충족
44,10,산학필수,10학점 이상
45,10,전공영어강좌,3과목 이상
46,10,SW교육,6학점 (편입생 및 순수외국인 제외)
47,10,졸업논문,소프트웨어융합캡스톤디자인 이수 후 졸업논문(소프트웨어융합) 수강 및 제출
48,10,트랙별 필수,소속 트랙의 지정 필수과목 충족
49,10,다전공등,다전공·부전공·마이크로디그리 중 1개 이상 필수
50,11,산학필수,12학점 이상
51,11,전공영어강좌,3과목 이상
52,11,SW교육,6학점 (편입생 및 순수외국인 제외)
53,11,졸업논문,졸업프로젝트 이수 후 졸업논문(컴퓨터공학) 수강
54,11,졸업능력인증,교육과정 PDF의 외국어 졸업능력인증 기준 충족
55,12,산학필수,12학점 이상
56,12,전공영어강좌,3과목 이상
57,12,SW교육,6학점 (편입생 및 순수외국인 제외)
58,12,졸업논문,졸업프로젝트 이수 후 졸업논문(컴퓨터공학) 수강
59,13,산학필수,12학점 이상
60,13,전공영어강좌,3과목 이상
61,13,SW교육,6학점 (편입생 및 순수외국인 제외)
62,13,졸업논문,졸업프로젝트 이수 후 졸업논문(컴퓨터공학) 수강
63,14,산학필수,12학점 이상
64,14,전공영어강좌,3과목 이상
65,14,SW교육,6학점 (편입생 및 순수외국인 제외)
66,14,졸업논문,졸업프로젝트 이수 후 졸업논문(컴퓨터공학) 수강
67,15,산학필수,12학점 이상
68,15,전공영어강좌,3과목 이상
69,15,SW교육,6학점 (편입생 및 순수외국인 제외)
70,15,졸업논문,졸업프로젝트 이수 후 졸업논문(컴퓨터공학) 수강
71,15,다전공등,다전공·부전공·마이크로디그리 중 1개 이상 필수
