requirement_course_id,requirement_id,course_code,category_id
1,1,AI1001,1
2,1,AI1002,2
3,1,AI1003,1
4,1,AI3001,2
5,1,AI3002,2
6,1,AI4003,2
7,1,AMTH1004,1
8,1,AMTH1009,1
9,1,CSE103,2
10,1,CSE201,1
11,1,CSE204,2
12,1,CSE301,2
13,1,CSE304,2
14,1,CSE305,2
15,1,CSE331,2
16,1,CSE340,2
17,1,CSE405,2
18,1,CSE406,2
19,1,EE211,1
20,1,SWCON103,2
21,1,SWCON104,2
22,1,SWCON253,2
23,2,AI1001,1
24,2,AI1002,2
25,2,AI1003,1
26,2,AI3001,2
27,2,AI3002,2
28,2,AI4003,2
29,2,AMTH1004,1
30,2,AMTH1009,1
31,2,CSE103,2
32,2,CSE201,1
33,2,CSE204,2
34,2,CSE301,2
35,2,CSE304,2
36,2,CSE331,2
37,2,CSE340,2
38,2,CSE405,2
39,2,CSE406,2
40,2,EE211,1
41,2,SWCON103,2
42,2,SWCON104,2
43,2,SWCON253,2
44,3,AI1001,1
45,3,AI1002,2
46,3,AI1003,1
47,3,AI3001,2
48,3,AI3002,2
49,3,AI4003,2
50,3,AMTH1004,1
51,3,AMTH1009,1
52,3,CSE103,2
53,3,CSE201,1
54,3,CSE204,2
55,3,CSE301,2
56,3,CSE304,2
57,3,CSE331,2
58,3,CSE340,2
59,3,CSE405,2
60,3,CSE406,2
61,3,EE211,1
62,3,SWCON103,2
63,3,SWCON104,2
64,3,SWCON253,2
65,4,AI1001,2
66,4,AI1002,2
67,4,AI1003,1
68,4,AI3001,2
69,4,AI3002,2
70,4,AI4003,2
71,4,AMTH1004,1
72,4,AMTH1009,1
73,4,CSE103,2
74,4,CSE204,2
75,4,CSE301,2
76,4,CSE304,2
77,4,CSE331,2
78,4,CSE340,2
79,4,CSE405,2
80,4,CSE406,2
81,4,EE211,1
82,4,SWCON104,2
83,4,SWCON253,2
84,5,AI1001,2
85,5,AI1002,2
86,5,AI1003,1
87,5,AI3001,2
88,5,AI3002,2
89,5,AI4003,2
90,5,AMTH1004,1
91,5,AMTH1009,1
92,5,CSE103,2
93,5,CSE204,2
94,5,CSE301,2
95,5,CSE304,2
96,5,CSE331,2
97,5,CSE340,2
98,5,CSE405,2
99,5,CSE406,2
100,5,EE211,1
101,5,SWCON104,2
102,5,SWCON253,2
103,7,AMTH1001,1
104,7,AMTH1004,1
105,7,AMTH1009,1
106,7,APHY1002,1
107,7,CSE103,2
108,7,CSE204,2
109,7,CSE301,2
110,7,CSE304,2
111,7,CSE305,2
112,7,CSE327,2
113,7,CSE438,2
114,7,EE211,1
115,7,SWCON101,2
116,7,SWCON103,2
117,7,SWCON104,2
118,7,SWCON201,2
119,7,SWCON302,2
120,7,SWCON401,2
121,7,SWCON402,2
