id,question,student_id,tags,strict,relaxed,subset,diagnosis,missing_columns,n_attempts,first_try_exec_ok,exec_error,gold_sql,pred_sql,total_tokens,latency_sec
q001,내 DB에서 완료 상태이고 재수강으로 대체되지 않은 수강기록의 학점 합계는 얼마야?,202210029,,True,True,True,correct,,1,True,,"WITH target AS (SELECT * FROM students WHERE student_id = 202210029)
,
earned AS (
    SELECT e.course_code, e.category_id, o.credits
    FROM enrollments AS e
    JOIN target AS st ON st.student_id = e.student_id
    JOIN course_offerings AS o
      ON o.offering_id = e.offering_id AND o.course_code = e.course_code
    WHERE e.status = '완료' AND e.retaken = 0
)

SELECT COALESCE(SUM(credits), 0) AS earned_credits FROM earned;","SELECT COALESCE(SUM(o.credits), 0) AS completed_credits
FROM enrollments AS e
JOIN course_offerings AS o ON o.offering_id = e.offering_id
WHERE e.student_id = 202210029
  AND e.status = '완료'
  AND e.retaken = 0;",5101,4.39
q002,내 DB의 완료·미대체 수강기록 기준 전공필수 학점 합계는 얼마야?,202210029,,True,True,True,correct,,1,True,,"WITH target AS (SELECT * FROM students WHERE student_id = 202210029)
,
earned AS (
    SELECT e.course_code, e.category_id, o.credits
    FROM enrollments AS e
    JOIN target AS st ON st.student_id = e.student_id
    JOIN course_offerings AS o
      ON o.offering_id = e.offering_id AND o.course_code = e.course_code
    WHERE e.status = '완료' AND e.retaken = 0
)

SELECT COALESCE(SUM(e.credits), 0) AS earned_major_required_credits
FROM earned AS e
JOIN course_categories AS cc ON cc.category_id = e.category_id
WHERE cc.category_code = '04';","SELECT COALESCE(SUM(o.credits), 0) AS earned_required_major_credits
FROM enrollments AS e
JOIN course_offerings AS o ON o.offering_id = e.offering_id
JOIN course_categories AS cc ON cc.category_id = e.category_id
WHERE e.student_id = 202210029
  AND e.status = '완료'
  AND e.retaken = 0
  AND cc.category_name = '전공필수';",5127,3.51
q003,내 DB의 완료·미대체 수강기록 기준 전공선택 학점 합계는 얼마야?,202210029,,True,True,True,correct,,1,True,,"WITH target AS (SELECT * FROM students WHERE student_id = 202210029)
,
earned AS (
    SELECT e.course_code, e.category_id, o.credits
    FROM enrollments AS e
    JOIN target AS st ON st.student_id = e.student_id
    JOIN course_offerings AS o
      ON o.offering_id = e.offering_id AND o.course_code = e.course_code
    WHERE e.status = '완료' AND e.retaken = 0
)

SELECT COALESCE(SUM(e.credits), 0) AS earned_major_elective_credits
FROM earned AS e
JOIN course_categories AS cc ON cc.category_id = e.category_id
WHERE cc.category_code = '05';","SELECT COALESCE(SUM(o.credits), 0) AS earned_elective_major_credits
FROM enrollments AS e
JOIN course_offerings AS o ON o.offering_id = e.offering_id
JOIN course_categories AS cc ON cc.category_id = e.category_id
WHERE e.student_id = 202210029
  AND e.status = '완료'
  AND e.retaken = 0
  AND cc.category_name = '전공선택';",5129,3.78
q004,내 학과·입학년도·트랙의 전공필수 최소학점과 DB 완료·미대체 수강기록 합계를 비교한 잔여학점 계산값은 얼마야?,202210029,,False,False,True,missing_columns,requirement_id,1,True,,"WITH target AS (SELECT * FROM students WHERE student_id = 202210029)
,
applicable AS (
    SELECT gr.*
    FROM target AS st
    JOIN graduation_requirements AS gr
      ON gr.department_id = st.department_id
     AND gr.track = st.track
     AND gr.cohort_start <= st.admission_year
     AND (gr.cohort_end IS NULL OR gr.cohort_end >= st.admission_year)
)
,
earned AS (
    SELECT e.course_code, e.category_id, o.credits
    FROM enrollments AS e
    JOIN target AS st ON st.student_id = e.student_id
    JOIN course_offerings AS o
      ON o.offering_id = e.offering_id AND o.course_code = e.course_code
    WHERE e.status = '완료' AND e.retaken = 0
)

SELECT ar.requirement_id, rc.min_credits AS required_credits,
       COALESCE(SUM(e.credits), 0) AS earned_credits,
       MAX(rc.min_credits - COALESCE(SUM(e.credits), 0), 0) AS remaining_credits
FROM applicable AS ar
JOIN requirement_categories AS rc ON rc.requirement_id = ar.requirement_id
JOIN course_categories AS cc ON cc.category_id = rc.category_id
LEFT JOIN earned AS e ON e.category_id = rc.category_id
WHERE cc.category_code = '04'
GROUP BY ar.requirement_id, rc.requirement_category_id, rc.min_credits
ORDER BY ar.requirement_id;","WITH applicable_requirement AS (
    SELECT gr.requirement_id
    FROM students AS st
    JOIN graduation_requirements AS gr
      ON gr.department_id = st.department_id
     AND gr.track = st.track
     AND gr.cohort_start <= st.admission_year
     AND (gr.cohort_end IS NULL OR gr.cohort_end >= st.admission_year)
    WHERE st.student_id = 202210029
),
earned AS (
    SELECT e.category_id, SUM(o.credits) AS earned_credits
    FROM enrollments AS e
    JOIN course_offerings AS o ON o.offering_id = e.offering_id
    WHERE e.student_id = 202210029
      AND e.status = '완료'
      AND e.retaken = 0
    GROUP BY e.category_id
)
SELECT
    rc.min_credits AS minimum_credits,
    COALESCE(e.earned_credits, 0) AS earned_credits,
    MAX(rc.min_credits - COALESCE(e.earned_credits, 0), 0) AS remaining_credits
FROM applicable_requirement AS ar
JOIN requirement_categories AS rc ON rc.requirement_id = ar.requirement_id
JOIN course_categories AS cc ON cc.category_id = rc.category_id
LEFT JOIN earned AS e ON e.category_id = rc.category_id
WHERE cc.category_name = '전공필수';",5339,5.53
q005,내 학과·입학년도·트랙에 적용되는 DB 등록 지정과목 중 아직 유효하게 이수하지 않은 과목은 뭐야?,202210029,,True,True,True,correct,,1,True,,"WITH target AS (SELECT * FROM students WHERE student_id = 202210029)
,
applicable AS (
    SELECT gr.*
    FROM target AS st
    JOIN graduation_requirements AS gr
      ON gr.department_id = st.department_id
     AND gr.track = st.track
     AND gr.cohort_start <= st.admission_year
     AND (gr.cohort_end IS NULL OR gr.cohort_end >= st.admission_year)
)

SELECT DISTINCT rc.course_code, c.current_name AS course_name,
       cc.category_name
FROM applicable AS ar
JOIN requirement_courses AS rc ON rc.requirement_id = ar.requirement_id
JOIN courses AS c ON c.course_code = rc.course_code
JOIN course_categories AS cc ON cc.category_id = rc.category_id
WHERE NOT EXISTS (
    SELECT 1 FROM enrollments AS e
    JOIN target AS st ON st.student_id = e.student_id
    WHERE e.course_code = rc.course_code AND e.status = '완료' AND e.retaken = 0
)
ORDER BY cc.category_name, rc.course_code;","WITH applicable_requirements AS (
    SELECT gr.requirement_id
    FROM students AS st
    JOIN graduation_requirements AS gr
      ON gr.department_id = st.department_id
     AND gr.track = st.track
     AND gr.cohort_start <= st.admission_year
     AND (gr.cohort_end IS NULL OR gr.cohort_end >= st.admission_year)
    WHERE st.student_id = 202210029
)
SELECT DISTINCT
    rc.course_code,
    c.current_name,
    cc.category_name
FROM applicable_requirements AS ar
JOIN requirement_courses AS rc ON rc.requirement_id = ar.requirement_id
JOIN courses AS c ON c.course_code = rc.course_code
JOIN course_categories AS cc ON cc.category_id = rc.category_id
WHERE NOT EXISTS (
    SELECT 1
    FROM enrollments AS e
    WHERE e.student_id = 202210029
      AND e.course_code = rc.course_code
      AND e.status = '완료'
      AND e.retaken = 0
)
ORDER BY cc.category_name, rc.course_code;",5264,5.32
q006,2025학년도 2학기에 내가 수강한 과목과 수강 상태를 알려줘.,202210029,,False,False,True,missing_columns,grade,1,True,,"WITH target AS (SELECT * FROM students WHERE student_id = 202210029)
SELECT o.course_code, o.course_name, o.section, e.status, e.grade
FROM enrollments AS e JOIN target AS st ON st.student_id = e.student_id
JOIN course_offerings AS o
  ON o.offering_id = e.offering_id AND o.course_code = e.course_code
WHERE o.year = 2025 AND o.semester = '2'
ORDER BY o.course_code, o.section, e.enrollment_id;","SELECT
    o.course_code,
    o.course_name,
    o.section,
    e.status
FROM enrollments AS e
JOIN course_offerings AS o ON o.offering_id = e.offering_id
WHERE e.student_id = 202210029
  AND o.year = 2025
  AND o.semester = '2'
ORDER BY o.course_code, o.section;",5108,3.42
q007,2025학년도 2학기 내 수강과목의 DB 등록 교재와 강의계획서 등록 여부를 알려줘.,202210029,,False,False,False,value_mismatch,,1,True,,"WITH target AS (SELECT * FROM students WHERE student_id = 202210029)
SELECT o.course_code, o.course_name, o.section,
       CASE WHEN sy.syllabus_id IS NULL THEN '강의계획서 미등록'
            WHEN t.textbook_id IS NULL THEN '교재 행 미등록'
            ELSE '교재 등록' END AS data_status,
       t.sequence, t.title, t.author, t.publisher, t.isbn
FROM enrollments AS e JOIN target AS st ON st.student_id = e.student_id
JOIN course_offerings AS o ON o.offering_id = e.offering_id
LEFT JOIN syllabi AS sy ON sy.offering_id = o.offering_id
LEFT JOIN syllabus_textbooks AS t ON t.syllabus_id = sy.syllabus_id
WHERE o.year = 2025 AND o.semester = '2'
ORDER BY o.course_code, o.section, t.sequence, t.textbook_id;","SELECT
    o.course_code,
    o.course_name,
    o.section,
    CASE WHEN s.syllabus_id IS NOT NULL THEN '등록' ELSE '미등록' END
        AS syllabus_registration,
    t.sequence AS textbook_sequence,
    t.title AS textbook_title,
    t.author AS textbook_author,
    t.publisher AS textbook_publisher,
    t.isbn AS textbook_isbn
FROM enrollments AS e
JOIN course_offerings AS o ON o.offering_id = e.offering_id
LEFT JOIN syllabi AS s ON s.offering_id = o.offering_id
LEFT JOIN syllabus_textbooks AS t ON t.syllabus_id = s.syllabus_id
WHERE e.student_id = 202210029
  AND o.year = 2025
  AND o.semester = '2'
ORDER BY o.course_code, o.section, t.sequence;",5214,4.55
q008,DB에 저장된 내 전체 수강이력의 담당 교수와 등록된 연구실 정보를 알려줘.,202210029,,False,False,False,row_count_mismatch,,1,True,,"WITH target AS (SELECT * FROM students WHERE student_id = 202210029)
SELECT DISTINCT p.professor_id, p.name AS professor_name,
       p.office AS registered_office
FROM enrollments AS e JOIN target AS st ON st.student_id = e.student_id
JOIN offering_professors AS op ON op.offering_id = e.offering_id
JOIN professors AS p ON p.professor_id = op.professor_id
ORDER BY p.professor_id;","SELECT
    o.year,
    o.semester,
    o.course_code,
    o.course_name,
    o.section,
    p.name AS professor_name,
    p.office AS professor_office
FROM enrollments AS e
JOIN course_offerings AS o ON o.offering_id = e.offering_id
LEFT JOIN offering_professors AS op ON op.offering_id = o.offering_id
LEFT JOIN professors AS p ON p.professor_id = op.professor_id
WHERE e.student_id = 202210029
ORDER BY
    o.year,
    CASE o.semester
        WHEN '1' THEN 1
        WHEN 'summer' THEN 2
        WHEN '2' THEN 3
        WHEN 'winter' THEN 4
    END,
    o.course_code,
    o.section,
    p.name;",5200,5.67
q009,내 DB의 완료·미대체 수강기록을 성적별로 몇 건씩 보유하고 있는지 알려줘.,202210029,,False,True,True,order_mismatch,,1,True,,"WITH target AS (SELECT * FROM students WHERE student_id = 202210029)
SELECT e.grade, COUNT(*) AS course_count
FROM enrollments AS e JOIN target AS st ON st.student_id = e.student_id
WHERE e.status = '완료' AND e.retaken = 0
GROUP BY e.grade ORDER BY course_count DESC, e.grade;","SELECT
    grade,
    COUNT(*) AS enrollment_count
FROM enrollments
WHERE student_id = 202210029
  AND status = '완료'
  AND retaken = 0
GROUP BY grade
ORDER BY grade;",5082,2.22
q010,내가 재수강한 과목과 해당 재수강 성적을 알려줘.,202210029,,False,False,True,missing_columns,status,1,True,,"WITH target AS (SELECT * FROM students WHERE student_id = 202210029)
SELECT e.course_code, o.course_name, o.year, o.semester, e.grade, e.status
FROM enrollments AS e JOIN target AS st ON st.student_id = e.student_id
JOIN course_offerings AS o ON o.offering_id = e.offering_id
WHERE e.is_retake = 1
ORDER BY e.course_code, o.year, o.semester, e.enrollment_id;","SELECT
    o.course_code,
    o.course_name,
    o.year,
    o.semester,
    e.grade
FROM enrollments AS e
JOIN course_offerings AS o ON o.offering_id = e.offering_id
WHERE e.student_id = 202210029
  AND e.is_retake = 1
ORDER BY o.year, CASE o.semester
    WHEN '1' THEN 1
    WHEN 'summer' THEN 2
    WHEN '2' THEN 3
    WHEN 'winter' THEN 4
END, o.course_code;",5143,3.78
q011,내 전체 수강이력 중 강의계획서 추가문헌및자료에 '노트북' 또는 '랩톱'이 명시된 과목은 뭐야?,202210029,,True,True,True,correct,,1,True,,"WITH target AS (SELECT * FROM students WHERE student_id = 202210029)
SELECT DISTINCT o.course_code, o.course_name, o.year, o.semester,
       o.section, sy.additional_materials AS matching_source_text
FROM enrollments AS e JOIN target AS st ON st.student_id = e.student_id
JOIN course_offerings AS o ON o.offering_id = e.offering_id
JOIN syllabi AS sy ON sy.offering_id = e.offering_id
WHERE sy.additional_materials LIKE '%노트북%'
   OR sy.additional_materials LIKE '%랩톱%'
ORDER BY o.year, o.semester, o.course_code, o.section;","SELECT
    o.course_code,
    o.course_name,
    o.year,
    o.semester,
    o.section,
    s.additional_materials
FROM enrollments AS e
JOIN course_offerings AS o ON o.offering_id = e.offering_id
JOIN syllabi AS s ON s.offering_id = o.offering_id
WHERE e.student_id = 202210029
  AND (
      s.additional_materials LIKE '%노트북%'
      OR s.additional_materials LIKE '%랩톱%'
  )
ORDER BY o.year,
    CASE o.semester
        WHEN '1' THEN 1
        WHEN 'summer' THEN 2
        WHEN '2' THEN 3
        WHEN 'winter' THEN 4
    END,
    o.course_code,
    o.section;",5211,3.89
q012,내 학과·입학년도·트랙에 적용되는 졸업 총 이수학점은 몇 학점이야?,202210029,,False,False,True,missing_columns,"requirement_id,department_name,track,cohort_start,cohort_end",1,True,,"WITH target AS (SELECT * FROM students WHERE student_id = 202210029)
,
applicable AS (
    SELECT gr.*
    FROM target AS st
    JOIN graduation_requirements AS gr
      ON gr.department_id = st.department_id
     AND gr.track = st.track
     AND gr.cohort_start <= st.admission_year
     AND (gr.cohort_end IS NULL OR gr.cohort_end >= st.admission_year)
)

SELECT ar.requirement_id, d.name AS department_name, ar.track,
       ar.cohort_start, ar.cohort_end, ar.total_credits
FROM applicable AS ar JOIN departments AS d ON d.department_id = ar.department_id
ORDER BY ar.requirement_id;","SELECT gr.total_credits
FROM students AS st
JOIN graduation_requirements AS gr
  ON gr.department_id = st.department_id
 AND gr.track = st.track
 AND gr.cohort_start <= st.admission_year
 AND (gr.cohort_end IS NULL OR gr.cohort_end >= st.admission_year)
WHERE st.student_id = 202210029;",5111,4.6
q013,DB에 등록된 내 학적 상태는 뭐야?,202210029,,False,False,True,missing_columns,student_id,1,True,,"WITH target AS (SELECT * FROM students WHERE student_id = 202210029)
SELECT student_id, status FROM target;","SELECT status
FROM students
WHERE student_id = 202210029;",5032,3.54
q014,DB에 등록된 내 추가전공 유형과 이름을 알려줘.,202210029,,False,False,True,missing_columns,student_id,1,True,,"WITH target AS (SELECT * FROM students WHERE student_id = 202210029)
SELECT student_id, extra_track_type, extra_track_name FROM target;","SELECT extra_track_type, extra_track_name
FROM students
WHERE student_id = 202210029;",5041,2.51
q015,DB에 등록된 내 소속 학과 이름과 코드는 뭐야?,202210029,,False,False,True,missing_columns,"student_id,department_id",1,True,,"WITH target AS (SELECT * FROM students WHERE student_id = 202210029)
SELECT st.student_id, d.department_id, d.code AS department_code,
       d.name AS department_name
FROM target AS st JOIN departments AS d ON d.department_id = st.department_id;","SELECT d.name, d.code
FROM students AS s
JOIN departments AS d ON d.department_id = s.department_id
WHERE s.student_id = 202210029;",5056,2.74
q016,내 입학년도 기준으로 SWCON201에 등록된 선수과목과 각 선수과목의 유효 이수기록을 보여줘.,202210029,,False,False,False,value_mismatch,,1,True,,"WITH target AS (SELECT * FROM students WHERE student_id = 202210029)
SELECT cp.prerequisite_id, cp.prerequisite_course_code,
       cp.prerequisite_name, cp.prerequisite_type, cp.prerequisite_group,
       cp.minimum_required_count, cp.minimum_grade_code, cp.abeek_applicable,
       e.grade AS recorded_passing_grade,
       CASE WHEN e.enrollment_id IS NULL THEN '유효 이수기록 없음'
            ELSE '유효 이수기록 있음' END AS completion_record
FROM target AS st JOIN course_prerequisites AS cp
  ON cp.course_code = 'SWCON201'
 AND (cp.cohort_start IS NULL OR cp.cohort_start <= st.admission_year)
 AND (cp.cohort_end IS NULL OR cp.cohort_end >= st.admission_year)
LEFT JOIN enrollments AS e
  ON e.student_id = st.student_id
 AND e.course_code = cp.prerequisite_course_code
 AND e.status = '완료' AND e.retaken = 0
ORDER BY cp.prerequisite_id, e.enrollment_id;","WITH valid_enrollments AS (
    SELECT
        e.course_code,
        o.course_name,
        o.year,
        o.semester,
        e.grade,
        o.credits
    FROM enrollments AS e
    JOIN course_offerings AS o ON o.offering_id = e.offering_id
    WHERE e.student_id = 202210029
      AND e.status = '완료'
      AND e.retaken = 0
)
SELECT
    cp.prerequisite_course_code,
    cp.prerequisite_name,
    cp.prerequisite_type,
    cp.prerequisite_group,
    cp.minimum_grade_code,
    cp.minimum_required_count,
    cp.abeek_applicable,
    ve.course_name AS completed_course_name,
    ve.year AS completed_year,
    ve.semester AS completed_semester,
    ve.grade,
    ve.credits
FROM students AS st
JOIN course_prerequisites AS cp
  ON cp.course_code = 'SWCON201'
 AND (cp.cohort_start IS NULL OR cp.cohort_start <= st.admission_year)
 AND (cp.cohort_end IS NULL OR cp.cohort_end >= st.admission_year)
LEFT JOIN valid_enrollments AS ve
  ON ve.course_code = cp.prerequisite_course_code
WHERE st.student_id = 202210029
ORDER BY
    cp.prerequisite_type,
    cp.prerequisite_group,
    cp.prerequisite_name,
    ve.year,
    ve.semester;",5430,8.11
