course_code,department_id,current_name,credits
AI1001,12,인공지능개론,3
AI1002,12,인공지능프로그래밍,3
AI1003,12,인공지능수학,3
AI3001,12,고급딥러닝,3
AI3002,12,인공지능과윤리,3
AI3003,12,자연언어학습,3
AI3004,12,빅데이터마이닝,3
AI3008,12,설명및신뢰가능한AI,3
AI3100,12,몰입심화학습(AI로봇),3
AI3102,12,몰입심화학습(AI팩토리),3
AI3103,12,몰입심화학습(AI데이터·클라우드디자인),3
AI3104,12,몰입심화학습(온디바이스AI),3
AI3105,12,몰입심화학습(지능형데이터),3
AI3107,12,몰입심화학습(피지컬AI),3
AI4001,12,캡스톤디자인,3
AI4003,12,졸업논문(인공지능),0
AI4006,12,독립심화학습(인공지능)1,3
AI4007,12,독립심화학습(인공지능)2,3
AMTH1001,7,미분방정식,3
AMTH1002,7,미분적분학1,3
AMTH1003,7,고급미분적분학,3
AMTH1004,7,선형대수,3
AMTH1005,7,통계학,3
AMTH1009,7,미분적분학,3
APCH1101,35,화학및실험1,3
APCH1102,35,화학및실험2,3
APCH1121,35,화학1,3
APCH1122,35,화학2,3
APCH1131,35,일반화학,3
APHY1000,34,물리학1,3
APHY1001,34,물리학2,3
APHY1002,34,물리학및실험1,3
APHY1003,34,물리학및실험2,3
APHY1004,34,일반물리,3
BIO101,37,생물1,3
BIO102,37,생물2,3
BIO103,37,일반생물,3
CSE0001,11,소프트웨어가치탐구,1
CSE103,11,객체지향프로그래밍,3
CSE104,11,실감미디어컴퓨팅기초,3
CSE201,11,이산구조,3
CSE203,11,컴퓨터구조,3
CSE204,11,자료구조,3
CSE208,11,IT기술영어1,1
CSE223,11,오픈소스SW개발,3
CSE224,11,UI/UX프로그래밍,3
CSE301,11,운영체제,3
CSE302,11,컴퓨터네트워크,3
CSE303,11,시스템분석및설계,3
CSE304,11,알고리즘,3
CSE305,11,데이터베이스,3
CSE308,11,IT기술영어2,1
CSE309,11,IT기술영어3,1
CSE322,11,컴파일러,3
CSE324,11,메타버스시스템,3
CSE327,11,소프트웨어공학,3
CSE328,11,프로그래밍언어론,3
CSE330,11,SW스타트업비즈니스,3
CSE331,11,딥러닝,3
CSE332,11,리눅스시스템프로그래밍,3
CSE334,11,SW스타트업프로젝트,3
CSE335,11,클라우드컴퓨팅,3
CSE338,11,인공지능,3
CSE340,11,실전기계학습,3
CSE403,11,졸업논문(컴퓨터공학전공),0
CSE405,11,졸업프로젝트,3
CSE406,11,캡스톤디자인,3
CSE4100,11,블록체인프로젝트,3
CSE423,11,정보보호,3
CSE426,11,영상처리,3
CSE428,11,컴퓨터그래픽스,3
CSE430,11,메타버스데이터처리,3
CSE431,11,인간-컴퓨터상호작용,3
CSE433,11,웹서비스프로그래밍,3
CSE434,11,빅데이터프로그래밍,3
CSE435,11,모바일프로그래밍,3
CSE436,11,빅데이터프로젝트,3
CSE437,11,클라우드프로젝트,3
CSE438,11,최신기술콜로키움1,2
CSE440,11,AIoT소프트웨어,3
CSE441,11,컴퓨터비젼,3
CSE442,11,블록체인,3
CSE443,11,AI네트워킹,3
CSE444,11,AIoT네트워크,3
CSE450,11,모바일/웹서비스프로그래밍,3
CSE451,11,모바일/웹서비스프로젝트,3
CSE452,11,소프트웨어보안,3
CSE495,11,독립심화학습1(컴퓨터공학),3
CSE496,11,연구연수활동1(컴퓨터공학),1
CSE497,11,연구연수활동2(컴퓨터공학),1
CSE499,11,독립심화학습2(컴퓨터공학과),3
DC201,6,3D모델링(소프트웨어융합학),3
DC203,6,인터랙션디자인(소프트웨어융합학),3
DC205,6,스토리텔링(소프트웨어융합학),3
DC207,6,사운드디자인(소프트웨어융합학),2
DC211,6,3D애니메이션(소프트웨어융합학),3
DC302,6,모션그래픽스(소프트웨어융합학),3
DC304,6,게임학(소프트웨어융합학),3
DC318,6,게임디자인(소프트웨어융합학),3
EDU2101,17,교육사회학,2
EDU2102,17,교육심리학,2
EDU2103,17,교육철학및교육사,2
EDU2104,17,교육학개론,2
EDU2107,17,학교폭력 예방 및 학생의 이해,2
EDU2108,17,교직적성및인성검사1,0
EDU2109,17,교직적성및인성검사2,0
EDU2110,17,응급처치및심폐소생술실습1,0
EDU2111,17,응급처치및심폐소생술실습2,0
EDU2112,17,성인지교육1,0
EDU2113,17,성인지교육2,0
EDU2114,17,디지털교육,1
EDU3101,17,교육과정,2
EDU3103,17,교육방법및교육공학,2
EDU3104,17,교육평가,2
EDU3105,17,교직실무,2
EDU3106,17,특수교육학개론,2
EDU4101,17,교육봉사활동1,1
EDU4102,17,교육봉사활동2,1
EDU4103,17,학교현장실습,2
EDU4104,17,교육행정및교육경영,2
EE209,14,논리회로(컴퓨터공학과),3
EE210,14,신호와시스템(컴퓨터공학과),3
EE211,14,확률및랜덤변수(인공지능학과),3
EE341,4,디지털통신(소프트웨어융합학),3
EE342,4,디지털신호처리(소프트웨어융합학),3
EE461,14,로봇제어공학(소프트웨어융합학),3
ELC281,1,세계신화읽기(소프트웨어융합학),3
ELC471,1,테크놀로지와디지털콘텐츠(소프트웨어융합학),3
ENV171,36,생물학및실험1,3
ENV172,36,생물학및실험2,3
GEB1101,31,글쓰기1,2
GEB1102,31,글쓰기2,2
GEB1201,32,영어1,2
GEB1202,32,영어2,2
GEB1301,30,시민교육,3
GEC0103,22,빅뱅에서문명까지,3
GEC1101,22,우리가사는세계,3
GEC1102,22,인간의가치탐색,3
GEC1104,22,세계와시민,3
GEC1105,21,성찰과표현,3
GEC1403,20,대학영어,2
GEC2001,21,주제연구,3
GED11008,43,무한의힘,3
GED11009,26,도덕의과학,3
GED11010,41,대중문화속의페미니즘,3
GED11011,26,마음챙김과비폭력대화,3
GED11012,24,세상속의수학,3
GED11013,27,인공지능을위한선형대수,3
GED11014,24,롤러코스터의과학:퍼텐셜,3
GED11015,23,만성질병과건강관리,3
GED11016,23,운동과건강,3
GED11017,25,"Exploring Industry, Ideology, and Identity through the Marvel Cinematic Universe",3
GED11018,25,Greek Mythology and Creative Writing,3
GED11019,26,문명패러다임의혁명:서구근대화과정의현재적이해,3
GED11020,26,청춘을위한영화예찬,3
GED11021,25,"글,그림그리고문화콘텐츠",3
GED11022,23,숲과생활,3
GED11023,41,일상의딜레마:윤리적해법,3
GED11024,25,한국고전문학과영상,3
GED11025,41,개인의탄생:시공간의재편,3
GED11026,25,근대의시선과공간:뮤지엄과엑스포,3
GED11027,23,폭력의진화:통섭적관점,3
GED11028,26,SDG5성평등,3
GED11029,26,21세기금융세계화와불평등,3
GED1103,23,"마음의탄생:뇌,의식,마음",3
GED11030,27,생활속의금융,3
GED11031,26,세계속한국의생존과파워,3
GED1104,23,몸과생명,3
GED11040,26,고전읽기:칼세이건,3
GED11042,27,"미래,기술,경영",3
GED11043,27,모두를위한인공지능과윤리적실제,3
GED1105,23,몸의발견,3
GED1106,23,"생명,영원한블루오션",3
GED11062,27,고전읽기:SF소설,3
GED1107,23,"생명과생명공학:자본,국가,과학,정치",3
GED1108,27,생명과학의미래,3
GED11081,27,이동의자유와원격사회,3
GED11105,24,이성의함정:마음은항상합리적인가,3
GED11106,24,설득의기술,3
GED11129,27,빛의물리학:세상을보는또다른눈,3
GED1113,23,스마트식생활과건강,3
GED11130,24,데이터분석과정보시각화,3
GED11132,25,"언어의경계:신성한가,속된가",3
GED11133,26,현대한국사회의다양성이해:민족성과서브컬처,3
GED11134,25,관계의기술,3
GED11136,27,디지털협업과커뮤니케이션:AI시대의정보흐름과활용,3
GED11138,27,배터리:문명을움직이는작은상자,3
GED1119,23,진화와인간본성,3
GED1123,23,인체와생명,3
GED1134,23,행복의생명과학적이해,3
GED1135,44,스포츠경쟁력과자기계발,3
GED1136,24,동의보감을통한몸과마음의이해,3
GED1137,44,에코토피아,3
GED1202,24,고양이의물리학:자연계의숨은법칙,3
GED1204,24,과학적사고란무엇인가,3
GED1206,40,동양사상과과학기술,3
GED1208,23,불편한진실:기후변화,3
GED1212,44,아이디어에서제품까지,3
GED1215,23,원자의춤,3
GED1217,27,인간과생활속의로봇,3
GED1223,24,특허와지적재산권,3
GED1225,24,현대사회와과학,3
GED1235,23,하천문화의이해와르네상스,3
GED1240,23,우주:별을잊은그대에게,3
GED1242,27,인류역사를바꾼첨단재료,3
GED1248,24,큰맥락에서사고하기:시스템다이나믹스,3
GED1250,43,우주탐사:당면한미래,3
GED1301,25,가면의축제:동서양연희의문명사,3
GED1305,25,공감의인류학:감정이입과의인화,3
GED1306,25,과학예술문화의만남,3
GED1311,25,미디어아트와문화,3
GED1324,25,의미의탄생:언어,3
GED1325,25,인문학과문화콘텐츠,3
GED1329,25,커뮤니케이션과디자인,3
GED1337,25,불교와정신분석학,3
GED1346,25,매체와메시지:미디어의이해,3
GED1349,25,영화와문학,3
GED1353,25,고전과여성,3
GED1356,38,동양에서서양으로:음악과문화,3
GED1357,42,작곡의밑그림:화성학,3
GED1358,25,명작에취하다:예술 감상법,3
GED1360,23,인간행동의이해:심리학,3
GED1362,23,짝짓기의진화심리학,3
GED1363,25,음식과문화:글로벌&로컬트렌드와이슈,3
GED1405,26,경제학적사유의원리,3
GED1408,40,공학과경영,3
GED1419,26,"법,질서,국가",3
GED1432,26,예술을통한공동체만들기,3
GED1435,26,정치학적사유의원리,3
GED1437,41,한국사회의정치적이슈들,3
GED1438,26,한국사회의주요이슈들,3
GED1440,26,행복이란무엇인가,3
GED1454,26,디아스포라,3
GED1459,39,여성학개론,3
GED1465,41,스토리와젠더,3
GED1466,24,기술혁신과전략의융합,3
GED1467,41,문학과돈,3
GED1468,26,대학생을위한실용금융,3
GED1501,26,On Justice,3
GED1502,27,SF영화의상상력:미래의평화와윤리,3
GED1504,40,공학과윤리,3
GED1508,26,동아시아문명론,3
GED1509,26,동아시아의서양문명수용론,3
GED1511,26,두얼굴의인류사:전쟁과평화,3
GED1517,26,십자가와초승달:기독교와이슬람,3
GED1528,26,평화와갈등,3
GED1530,41,아시아공동체론,3
GED1537,27,프로그래밍입문,3
GED1539,24,공학기초수학,3
GED1540,24,기초 미분적분학,3
GED1541,40,고급 미분적분학,3
GED1542,27,인공지능과예술,3
GED1543,24,수학과세상,3
GED1544,23,생명의언어,3
GED1603,25,국화와칼:만들어진일본의전통,3
GED1609,26,문화유산과역사지리,3
GED1611,26,사농공상:역사의주연과조연,3
GED1615,26,설탕과소금:사소한것들의역사,3
GED1618,25,실크로드와누들로드:문명의창조와전달,3
GED1621,42,"영토의경계와흔적:이민,이주,이동",3
GED1626,42,한국근현대사의이해,3
GED1628,26,황하와장강:중국역사의발자취,3
GED1631,26,다이나믹한국근현대사,3
GED1643,27,미래학과미래마인드,3
GED1645,26,세계금융사,3
GED1650,25,삼국지인문학,3
GED1656,25,영화로보는스포츠문화,3
GED1657,25,여행을통한인간의삶의가치증진,3
GED1659,40,컴퓨터게임개론,3
GED1660,42,일상의공연학,3
GED1663,26,시민생활과법,3
GED1664,25,그리스신화와철학,3
GED1665,26,영화로읽는도시인문학:환동해도시와문화지리,3
GED1666,26,유럽문화와도시문명,3
GED1667,39,현대사회키워드로스포츠읽기,3
GED1710,24,예측하는미래:통계와확률,3
GED1715,24,통계의진실과오류,3
GED1717,24,프로그래밍을통한논리적사유연습,3
GED1721,27,빅데이터와스포츠산업,3
GED1727,27,미래사회와도시계획,3
GED1733,38,새김과찍기:현대판화,3
GED1734,38,아이디어를시각화하기,3
GED1735,38,디지털사진촬영과표현,3
GED1736,26,만화로세상보기,3
GED1737,38,사운드와테크놀로지,3
GED1738,38,생활속의공예:미와쓰임새,3
GED1739,25,지구화시대의미학극장,3
GED1801,25,고전읽기:그리스비극,3
GED1802,25,고전읽기:김수영,3
GED1803,39,고전읽기:노자 장자,3
GED1811,39,고전읽기:성서,3
GED1819,25,고전읽기:프로이트,3
GED1820,25,고전읽기:황순원,3
GED1835,25,고전읽기:박경리토지,3
GED1860,26,국가폭력과트라우마,3
GED1861,25,글로벌라틴아메리카,3
GED1862,25,라틴아메리카문학과예술,3
GED1865,25,수사학과영작문,3
GED1868,25,언어와문학의이해,3
GED1873,25,하이쿠의세계,3
GED1876,39,한자의이해,3
GED1908,39,초급일본어,3
GED1909,39,초급중국어,3
GED1915,38,공공미술과사회:공공미술프로젝트,3
GED1929,38,색채와상상력,3
GED1940,25,예술치료의원리와실제,3
GED1945,38,컴퓨터그래픽기초,3
GED1947,38,클래식음악산책,3
GED1951,25,패션디자인의세계,3
GED1955,38,합창의재발견,3
GED1957,39,기초중국어,3
GED1958,39,기초일본어,3
GED1959,39,기초스페인어,3
GED1960,39,기초러시아어,3
GED1961,39,기초프랑스어,3
GED1962,41,관계를읽는시간,3
GED1963,39,문학과여행,3
GED1964,41,놀이를통한세상읽기,3
GED1965,26,마녀사냥:그광기의역사,3
GED1966,23,질병의진화적이해:우리는왜아픈걸까,3
GED1967,43,창의적발상설계,3
GED1984,27,좋은에너지나쁜에너지다른에너지,3
GED1985,43,창의적사고기법실습,3
GED1986,42,빅데이터를활용한커뮤니케이션,3
GED1987,23,문명감염그리고진화,3
GED1988,41,위대한발견의통합적관찰,3
GED1989,25,고전명작과예술의문명사,3
GED1990,23,숨겨진패턴,3
GED1991,27,코딩하는아티스트,3
GED1992,23,전기와자기의만남,3
GED1993,39,언어의신비를찾아서,3
GED1994,25,라틴어와서구문명,3
GED1995,39,Presentation Skills and Practice,3
GED1996,25,그림속의인문학,3
GEE11000,18,기초중국어,3
GEE11001,18,기초일본어,3
GEE11002,18,기초스페인어,3
GEE11003,18,기초러시아어,3
GEE11004,18,기초프랑스어,3
GEE11007,28,공공미술과사회:공공미술프로젝트,3
GEE11019,28,색채와상상력,3
GEE11026,28,영화제작기초,3
GEE11030,28,작곡의밑그림:화성학,3
GEE11033,28,컴퓨터그래픽기초,3
GEE11035,28,클래식음악산책,3
GEE11037,28,합창의재발견,3
GEE11050,18,초급일본어,3
GEE11051,18,초급중국어,3
GEE11053,18,한자의이해,3
GEE11054,18,공학과경영,3
GEE11056,28,일상의공연학,3
GEE11059,28,"인류세,공생,큐레이팅",3
GEE11060,18,열린경영학,3
GEE11061,18,온라인커머스창업과라이브쇼핑,3
GEE11064,29,소프트웨어적사유와인공지능,3
GEE11065,28,드라마적예술의12원소,3
GEE11066,18,인문학을품은인공지능:미래를여는지성,1
GEE1127,29,사물인터넷과미래사회,3
GEE1184,18,수원화성과도시인문학:수원학,3
GEE1193,29,언어와컴퓨터,3
GEE1218,18,응급처치및안전관리,3
GEE1265,18,한국어1(교양),3
GEE1267,18,한국어2(교양),3
GEE1275,18,한방과건강생활,3
GEE1287,18,후마니타스특강1,1
GEE1330,18,글로벌세미나,2
GEE1332,18,후마니타스세미나,1
GEE1333,18,독립연구1,2
GEE1334,18,독립연구2,2
GEE1343,29,빅데이터를통한세상바로알기:R로배우는데이터분석코딩,3
GEE1344,29,앱인벤터로배우는코딩세상,3
GEE1345,29,파이썬으로배우는소프트웨어코딩,3
GEE1605,19,농구,1
GEE1608,19,댄스스포츠(교양),1
GEE1609,19,동계스포츠:스노우보드,1
GEE1611,19,동계스포츠:스키,1
GEE1613,19,레크레이션,1
GEE1615,19,배드민턴,1
GEE1619,19,수상스포츠(교양),1
GEE1625,19,스포츠명가에게배우는재미와감동,3
GEE1626,19,승마,1
GEE1630,19,요가,1
GEE1632,19,요트,1
GEE1633,19,웨이트트레이닝,1
GEE1635,19,윈드서핑,1
GEE1638,19,조깅과워킹,1
GEE1642,19,탁구,1
GEE1644,19,태권도,1
GEE1648,19,테니스,1
GEE1652,19,필라테스,1
GEE1657,19,현대생활과체육,3
GEE1661,19,행복한여가를위한야외활동,1
GEE1665,19,바디컨디셔닝,1
GEE1667,19,축구,1
GEE1668,19,인공암벽등반,1
GEE1669,19,호신술,1
GEE1670,19,볼링,1
GEE1671,18,운동과체중관리,3
GEE1920,33,신입생세미나1,1
GEE1921,33,신입생세미나2(기숙교육프로그램),1
GEE1952,18,전공탐색및기업가정신세미나,1
GEE1953,29,새로운생명체:인공지능,3
GEE1954,29,소프트웨어적사유,3
GEE1955,18,컴퓨터를만든수학:수학과정보기술,3
GEE1956,18,신입생워크숍1:워밍업,2
GEE1957,18,신입생워크숍2:스타트업,2
GEE1958,18,한국어의이해1,3
GEE1959,18,한국어의이해2,3
GEE1960,18,한국어의이해3,3
GEE1961,18,한국어의이해4,3
GEE1963,18,지구를생각하는예술,1
GEE1973,18,용인학,2
GEE1974,29,디지털전환과4차산업혁명:기술적접근,3
GEE1975,29,인공지능을위한기계학습,3
GEE1976,29,파이썬과데이터마이닝,3
GEE1977,18,공학도를위한소프트스킬,3
GEE1978,29,컴퓨터게임개론:이론과기술,3
GEE1979,29,인터넷과메타버스,3
GEE1980,29,소프트웨어개발자를위한C프로그래밍,3
GEE1982,18,지구를생각하는인공지능,1
GEE1983,18,인공지능을위한수학,3
GEE1992,18,창업세미나:스타트업에서빅테크까지,1
GEE1993,28,새김과찍기:현대판화,3
GEE1994,28,아이디어를시각화하기,3
GEE1995,28,디지털사진촬영과표현,3
GEE1996,28,사운드와테크놀로지,3
GEE1997,28,생활속의공예:미와쓰임새,3
GEE1998,18,현대사회키워드로스포츠읽기,3
ID3012,5,UX디자인(소프트웨어융합학),3
IE208,3,응용통계학(소프트웨어융합학),3
IE215,3,데이터사이언스(소프트웨어융합학),3
IE301,3,경영과학1(소프트웨어융합학),3
IE302,3,경영과학2(소프트웨어융합학),3
IE306,3,데이터마이닝(소프트웨어융합학),3
IE329,3,금융공학(소프트웨어융합학),3
IE414,3,금융공학(소프트웨어융합학),3
IE419,3,서비스데이터사이언스(소프트웨어융합학),3
IE425,3,의사결정론(소프트웨어융합학),3
IPE102,18,기업윤리와사회적책임,3
IPE108,27,4차산업의이해와IOT기술 활용과분석,3
IPE303,18,창업과재무관리,3
IPE401,18,지식재산창업,3
IPE503,18,창업과기업가정신,3
ME271,2,동역학(소프트웨어융합학),3
ME275,2,전기전자회로(소프트웨어융합학),3
ME276,2,계측공학(소프트웨어융합학),3
ME375,2,메카트로닉스(소프트웨어융합학),3
ME376,2,자동제어(소프트웨어융합학),3
ME380,2,시스템동역학(소프트웨어융합학),3
ME391,2,로봇공학(소프트웨어융합학),3
ME475,2,로봇공학(소프트웨어융합학),3
MEC240,16,동역학(소프트웨어융합학),3
MEC340,16,시스템동역학(소프트웨어융합학),3
MEC361,15,자동제어(소프트웨어융합학),3
MEC362,15,메카트로닉스(소프트웨어융합학),3
MEC363,15,로봇공학(소프트웨어융합학),3
SWCON101,8,소프트웨어융합개론,3
SWCON103,8,디자인적사고,3
SWCON104,8,웹/파이선프로그래밍,3
SWCON201,8,오픈소스SW개발방법및도구,3
SWCON207,8,수치해석프로그래밍,3
SWCON211,8,게임프로그래밍입문,3
SWCON212,8,게임엔진기초,3
SWCON221,8,마이크로서비스프로그래밍,3
SWCON241,8,융합연구1,1
SWCON242,8,융합연구2,1
SWCON253,8,기계학습,3
SWCON254,8,회로와신호,3
SWCON255,8,기초실감미디어프로그래밍,3
SWCON256,8,데이터분석입문,3
SWCON302,8,최신기술콜로키움2,2
SWCON311,8,게임그래픽프로그래밍,3
SWCON312,8,게임인터랙티브테크놀로지,3
SWCON313,8,가상현실,3
SWCON314,8,게임공학,3
SWCON321,8,데이터분석캡스톤디자인,3
SWCON322,8,고급데이터마이닝,3
SWCON331,8,로봇프로그래밍,3
SWCON332,8,로봇·비전캡스톤디자인,3
SWCON341,8,융합연구3,1
SWCON342,8,융합연구4,1
SWCON363,8,독립심화학습1(소프트웨어융합학과),3
SWCON364,8,독립심화학습2(소프트웨어융합학과),3
SWCON366,8,3D데이터처리,3
SWCON367,8,게임콘텐츠캡스톤디자인,3
SWCON368,8,실감미디어캡스톤디자인,3
SWCON370,8,풀스택서비스프로그래밍,3
SWCON372,8,응용데이터분석,3
SWCON401,8,소프트웨어융합캡스톤디자인,3
SWCON402,8,졸업논문(소프트웨어융합),0
SWCON423,8,프로세스마이닝,3
SWCON424,8,금융데이터분석,3
SWCON425,8,데이터사이언스및시각화,3
SWCON441,8,융합연구5,1
SWCON442,8,융합연구6,1
SWCON491,8,인공지능과게임프로그래밍,3
SWCON492,8,풀스택서비스네트워킹,3
SWCON493,8,자연언어처리,3
SWCON494,8,영상분석과패턴인식,3
SWCON495,8,강화학습,3
SWCON496,8,소프트웨어융합보안,3
