department_id,code,name,college,has_track
1,A04675,영미어문,외국어대학,
2,A04764,기계공학과,공과대학,
3,A04840,산업경영공학과,공과대학,
4,A05129,전자공학과,전자정보대학,
5,A05280,산업디자인학과,예술·디자인대학,
6,A05289,디지털콘텐츠학과,예술·디자인대학,
7,A05420,전공기초(수학),자연계열,
8,A07337,소프트웨어융합학과,소프트웨어융합대학,
9,A07346,소프트웨어융합학과,소프트웨어융합대학,
10,A10626,컴퓨터공학부,소프트웨어융합대학,
11,A10627,컴퓨터공학과,소프트웨어융합대학,
12,A10628,인공지능학과,소프트웨어융합대학,
13,A10979,전자공학부,전자정보대학,
14,A11164,전자공학과,전자정보대학,
15,A11167,지능로봇공학전공,공과대학,
16,A11169,기계공학전공,공과대학,
17,A05381,교직전공 교직전공,후마니타스칼리지교육과정(국제),
18,A05405,자유이수교과 자유이수 기타,후마니타스칼리지교육과정(국제),
19,A05408,자유이수교과 체육,후마니타스칼리지교육과정(국제),
20,A10144,필수교과 영어,후마니타스칼리지교육과정(국제),
21,A10145,필수교과 글쓰기,후마니타스칼리지교육과정(국제),
22,A10146,필수교과 문명전개의지구적문맥,후마니타스칼리지교육과정(국제),
23,A10905,"배분이수교과 생명,우주,인간",후마니타스칼리지교육과정(국제),
24,A10906,"배분이수교과 분석,추론,논리",후마니타스칼리지교육과정(국제),
25,A10907,"배분이수교과 상징,문화,소통",후마니타스칼리지교육과정(국제),
26,A10908,"배분이수교과 사회,공동체,평화",후마니타스칼리지교육과정(국제),
27,A10909,"배분이수교과 지능,정보,미래",후마니타스칼리지교육과정(국제),
28,A10910,"자유이수교과 예술,창작",후마니타스칼리지교육과정(국제),
29,A11101,자유이수교과 SW,후마니타스칼리지교육과정(국제),
