offering_id,professor_id
1,12
2,39
3,70
4,70
5,2
6,78
7,78
8,10
9,8
10,68
11,68
12,90
13,78
14,78
15,66
16,57
17,14
18,28
19,79
20,16
21,12
22,12
23,95
24,95
25,85
26,25
27,72
28,67
29,73
30,2
31,57
32,57
33,28
34,92
35,56
36,71
37,74
38,28
39,79
40,57
41,94
42,83
43,94
44,24
45,24
46,97
47,82
48,98
49,10
50,7
51,44
52,10
53,45
54,84
55,84
56,64
57,20
58,6
59,20
60,19
61,5
62,33
63,6
64,36
65,42
66,5
67,33
68,36
69,8
70,6
71,96
72,41
73,62
74,15
75,23
76,32
77,81
78,49
79,49
80,15
81,23
82,75
83,32
84,25
85,69
86,16
87,16
88,16
89,16
90,93
91,21
92,41
93,21
94,16
95,47
96,16
97,70
98,2
99,92
100,68
101,68
102,8
103,90
104,78
105,78
106,57
107,85
108,66
109,88
110,16
111,79
112,5
113,12
114,12
115,95
116,34
117,85
118,72
119,72
120,70
121,67
122,57
123,57
124,57
125,34
126,57
127,71
128,56
129,73
130,59
131,91
132,94
133,94
134,102
135,10
136,7
137,10
138,44
139,20
140,6
141,36
142,6
143,19
144,5
145,30
146,33
147,19
148,36
149,8
150,6
151,20
152,45
153,62
154,62
155,41
156,41
157,54
158,89
159,89
160,49
161,49
162,9
163,35
164,15
165,16
166,29
167,59
168,21
169,93
170,16
171,69
172,11
173,21
174,93
175,16
176,21
177,74
178,57
179,21
180,41
181,69
182,69
183,21
184,41
185,16
186,16
187,62
188,99
189,27
190,16
191,27
192,16
193,12
194,39
195,21
196,21
197,108
198,2
199,92
200,10
201,8
202,109
203,107
204,90
205,78
206,78
207,66
208,57
209,104
210,88
211,40
212,113
213,63
214,12
215,12
216,95
217,34
218,100
219,12
220,25
221,16
222,67
223,70
224,73
225,70
226,57
227,57
228,34
229,40
230,92
231,59
232,56
233,71
234,74
235,112
236,113
237,57
238,57
239,94
240,94
241,50
242,101
243,24
244,24
245,106
246,105
247,60
248,10
249,25
250,7
251,10
252,44
253,25
254,111
255,43
256,20
257,31
258,5
259,36
260,33
261,111
262,42
263,36
264,19
265,42
266,33
267,20
268,31
269,54
270,54
271,41
272,41
273,62
274,41
275,15
276,23
277,75
278,32
279,25
280,69
281,16
282,16
283,16
284,99
285,92
286,69
287,93
288,93
289,21
290,69
291,21
292,70
293,104
294,93
295,21
296,21
297,21
298,108
299,2
300,92
301,109
302,107
303,78
304,78
305,52
306,100
307,66
308,88
309,104
310,16
311,13
312,26
313,40
314,12
315,12
316,34
317,95
318,100
319,16
320,78
321,70
322,28
323,67
324,70
325,70
326,70
327,28
328,25
329,57
330,71
331,56
332,73
333,59
334,70
335,70
336,91
337,94
338,118
339,117
340,10
341,10
342,44
343,111
344,20
345,116
346,42
347,33
348,19
349,33
350,19
351,20
352,31
353,111
354,115
355,41
356,41
357,54
358,89
359,23
360,32
361,81
362,75
363,49
364,49
365,110
366,35
367,114
368,16
369,77
370,59
371,60
372,25
373,16
374,16
375,21
376,93
377,16
378,21
379,92
380,99
381,60
382,74
383,57
384,99
385,21
386,41
387,104
388,104
389,70
390,93
391,21
392,21
393,99
394,21
395,16
396,27
397,16
398,27
399,16
400,78
401,12
402,39
403,21
404,108
405,92
406,2
407,107
408,109
409,10
410,78
411,78
412,52
413,66
414,57
415,28
416,104
417,112
418,16
419,22
420,40
421,12
422,12
423,34
424,95
425,100
426,25
427,16
428,67
429,70
430,73
431,70
432,70
433,70
434,28
435,40
436,92
437,59
438,56
439,71
440,74
441,28
442,70
443,109
444,70
445,94
446,118
447,50
448,50
449,24
450,18
451,117
452,117
453,10
454,55
455,7
456,10
457,44
458,25
459,43
460,116
461,20
462,111
463,33
464,5
465,30
466,111
467,42
468,19
469,42
470,5
471,33
472,20
473,31
474,54
475,54
476,41
477,41
478,41
479,15
480,23
481,75
482,32
483,25
484,16
485,16
486,16
487,16
488,21
489,99
490,92
491,21
492,93
493,57
494,93
495,99
496,21
497,104
498,21
499,70
500,109
501,104
502,93
503,60
504,21
505,21
506,21
507,21
508,21
509,16
510,70
511,59
512,21
513,108
514,92
515,107
516,109
517,52
518,78
519,121
520,66
521,28
522,112
523,22
524,40
525,16
526,30
527,12
528,12
529,34
530,95
531,121
532,40
533,78
534,70
535,28
536,67
537,70
538,70
539,70
540,70
541,70
542,70
543,28
544,28
545,25
546,71
547,56
548,73
549,59
550,70
551,109
552,125
553,94
554,117
555,10
556,10
557,55
558,43
559,116
560,111
561,20
562,33
563,36
564,30
565,5
566,19
567,36
568,111
569,20
570,31
571,62
572,41
573,41
574,54
575,51
576,15
577,75
578,49
579,49
580,35
581,15
582,122
583,93
584,59
585,60
586,25
587,16
588,123
589,16
590,21
591,93
592,16
593,99
594,92
595,60
596,74
597,57
598,99
599,123
600,41
601,104
602,104
603,21
604,70
605,47
606,93
607,122
608,21
609,21
610,21
611,62
612,99
613,21
614,16
615,27
616,16
617,112
618,16
619,16
620,78
621,103
622,37
623,80
624,4
625,12
626,39
627,21
628,108
629,21
630,120
631,92
632,2
633,126
634,109
635,107
636,52
637,52
638,78
639,57
640,28
641,129
642,132
643,16
644,26
645,40
646,12
647,12
648,34
649,95
650,129
651,25
652,40
653,67
654,70
655,73
656,70
657,70
658,70
659,127
660,107
661,126
662,92
663,109
664,109
665,78
666,70
667,70
668,59
669,59
670,34
671,34
672,132
673,57
674,57
675,57
676,28
677,28
678,108
679,129
680,40
681,40
682,40
683,13
684,13
685,13
686,132
687,92
688,59
689,66
690,28
691,26
692,56
693,109
694,92
695,70
696,70
697,55
698,128
699,128
700,25
701,131
702,116
703,20
704,43
705,30
706,33
707,124
708,5
709,36
710,42
711,48
712,54
713,54
714,41
715,62
716,41
717,15
718,23
719,75
720,32
721,25
722,59
723,16
724,123
725,16
726,16
727,16
728,93
729,99
730,92
731,108
732,122
733,93
734,57
735,93
736,99
737,123
738,21
739,21
740,104
741,99
742,99
743,104
744,93
745,122
746,122
747,93
748,93
749,93
750,16
751,21
752,93
753,99
754,104
755,123
756,122
757,21
758,21
759,21
760,93
761,93
762,93
763,93
764,99
765,99
766,104
767,104
768,123
769,123
770,123
771,122
772,122
773,21
774,104
775,21
776,16
777,104
778,109
779,107
780,1
781,46
782,46
783,86
784,86
785,87
786,21
787,108
788,21
789,120
790,133
791,107
792,109
793,126
794,52
795,52
796,136
797,129
798,112
799,16
800,26
801,61
802,30
803,12
804,12
805,34
806,95
807,126
808,78
809,127
810,28
811,67
812,92
813,92
814,92
815,28
816,127
817,63
818,126
819,92
820,109
821,78
822,59
823,34
824,132
825,57
826,57
827,108
828,129
829,107
830,132
831,28
832,25
833,73
834,59
835,56
836,132
837,92
838,126
839,126
840,109
841,128
842,128
843,44
844,43
845,36
846,116
847,20
848,33
849,36
850,30
851,5
852,45
853,62
854,41
855,41
856,54
857,15
858,75
859,23
860,15
861,122
862,93
863,25
864,59
865,60
866,137
867,16
868,123
869,16
870,16
871,122
872,93
873,16
874,93
875,99
876,92
877,108
878,66
879,57
879,135
880,99
881,123
882,21
883,99
884,21
885,123
886,123
887,123
888,123
889,123
890,99
891,41
892,104
893,104
894,104
895,104
896,104
897,123
898,99
899,93
900,122
901,122
902,122
903,122
904,93
905,93
906,93
907,16
908,99
909,16
910,21
911,93
912,104
913,123
914,122
915,99
916,93
917,99
918,122
919,99
920,62
921,99
922,122
923,16
924,112
925,120
926,16
927,16
928,112
929,120
930,16
931,16
932,78
933,109
934,126
935,17
936,39
937,21
938,21
939,108
940,120
941,133
942,133
943,126
944,109
945,107
946,52
947,52
948,136
949,57
950,129
951,28
952,53
953,16
954,79
955,22
956,124
957,12
958,12
959,34
960,95
961,129
962,25
963,126
964,140
965,127
966,73
967,92
968,92
969,78
970,22
971,28
972,34
973,59
974,57
975,108
976,107
977,109
978,127
979,126
980,132
981,129
982,63
983,126
984,22
985,109
986,63
987,59
988,78
989,132
990,28
991,34
992,34
993,127
994,127
995,127
996,127
997,57
998,132
999,92
1000,59
1001,71
1002,66
1003,28
1004,139
1005,79
1006,56
1007,126
1008,126
1009,99
1010,126
1011,92
1012,132
1013,92
1014,57
1015,108
1016,50
1017,134
1018,25
1019,128
1020,128
1021,44
1022,20
1023,20
1024,116
1025,43
1026,30
1027,33
1028,19
1029,5
1030,36
1031,119
1032,48
1033,138
1034,41
1035,41
1036,54
1037,54
1038,41
1039,143
1040,15
1041,23
1042,130
1043,32
1044,114
1045,59
1046,141
1047,16
1048,123
1049,16
1050,16
1051,16
1052,136
1053,99
1054,92
1055,108
1056,122
1057,93
1058,122
1059,99
1060,123
1061,21
1062,136
1063,137
1064,99
1065,137
1066,137
1067,137
1068,99
1069,99
1070,104
1071,93
1072,122
1073,93
1074,93
1075,122
1076,122
1077,16
1078,123
1079,16
1080,21
1081,93
1082,99
1083,104
1084,123
1085,122
1086,136
1087,137
1088,60
1089,99
1090,93
1091,93
1092,60
1093,60
1094,60
1095,123
1096,123
1097,123
1098,21
1099,137
1100,122
1101,122
1102,122
1103,104
1104,104
1105,99
1106,122
1107,137
1108,16
1109,78
1110,21
1111,104
1112,109
1113,107
1114,141
1115,107
1116,109
1117,21
1118,108
1119,21
1120,120
1121,144
1122,144
1123,109
1124,107
1125,126
1126,78
1127,52
1128,136
1129,129
1130,53
1131,40
1132,22
1133,16
1134,79
1135,30
1136,124
1137,12
1138,141
1139,34
1140,95
1141,40
1142,126
1143,78
1144,70
1145,127
1146,28
1147,140
1148,70
1149,92
1150,92
1151,92
1152,92
1153,22
1154,28
1155,40
1156,78
1157,59
1158,57
1159,70
1160,107
1161,109
1162,126
1163,127
1164,132
1165,129
1166,141
1167,144
1168,63
1169,141
1170,25
1171,73
1172,59
1173,139
1174,56
1175,132
1176,104
1177,126
1178,132
1179,126
1180,108
1181,92
1182,129
1183,124
1184,70
1185,124
1186,126
1187,132
1188,129
1189,109
1190,127
1191,70
1192,44
1193,128
1194,128
1195,20
1196,43
1197,36
1198,116
1199,30
1200,33
1201,36
1202,119
1203,45
1204,3
1205,115
1206,65
1207,54
1208,15
1209,23
1210,23
1211,15
1212,21
1213,137
1214,25
1215,59
1216,138
1217,16
1218,123
1219,16
1220,16
1221,137
1222,122
1223,21
1224,16
1225,136
1226,99
1227,92
1228,108
1229,66
1230,57
1230,135
1231,122
1232,99
1233,123
1234,136
1235,137
1236,99
1237,99
1238,123
1239,123
1240,123
1241,136
1242,136
1243,137
1244,137
1245,137
1246,104
1247,104
1248,137
1249,104
1250,137
1251,137
1252,45
1253,99
1254,137
1255,40
1256,21
1257,122
1258,21
1259,122
1260,122
1261,122
1262,122
1263,122
1264,16
1265,16
1266,99
1267,123
1268,122
1269,136
1270,137
1271,60
1272,122
1273,99
1274,99
1275,123
1276,60
1277,137
1278,137
1279,122
1280,122
1281,99
1282,99
1283,122
1284,16
1285,53
1286,120
1287,16
1288,16
1289,16
1290,53
1291,120
1292,16
1293,16
1294,16
1295,129
1296,150
1297,126
1298,34
1299,137
1300,17
1301,39
1302,21
1303,21
1304,108
1305,120
1306,144
1307,146
1308,126
1309,107
1310,52
1311,136
1312,57
1313,129
1314,53
1315,16
1316,79
1317,22
1318,12
1319,144
1320,141
1321,34
1322,95
1323,129
1324,126
1325,140
1326,70
1327,73
1328,107
1329,107
1330,92
1331,59
1332,34
1333,40
1334,63
1335,57
1336,70
1337,107
1338,108
1339,126
1340,132
1341,129
1342,141
1343,139
1344,132
1345,92
1346,59
1347,66
1348,40
1349,79
1350,56
1351,132
1352,70
1353,124
1354,92
1355,34
1356,70
1357,70
1358,70
1359,129
1360,70
1361,124
1362,70
1363,70
1364,70
1365,70
1366,141
1367,40
1368,128
1369,142
1370,44
1371,147
1372,43
1373,116
1374,131
1375,5
1376,33
1377,36
1378,119
1379,124
1380,19
1381,48
1382,138
1383,149
1384,145
1385,15
1386,23
1387,75
1388,23
1389,32
1390,114
1391,59
1392,137
1393,16
1394,123
1395,137
1396,16
1397,16
1398,16
1399,136
1400,99
1401,92
1402,108
1403,122
1404,21
1405,122
1406,99
1407,123
1408,136
1409,137
1410,104
1411,137
1412,122
1413,104
1414,21
1415,122
1416,16
1417,123
1418,16
1419,21
1420,99
1421,104
1422,123
1423,122
1424,136
1425,137
1426,99
1427,122
1428,137
1429,16
1430,21
1431,104
1432,136
1433,150
1434,150
1435,141
1436,107
1437,126
1438,78
1439,21
1440,108
1441,21
1442,144
1443,146
1444,107
1445,126
1446,132
1447,136
1448,52
1449,129
1450,152
1451,40
1452,22
1453,16
1454,79
1455,144
1456,141
1457,34
1458,95
1459,34
1460,40
1461,151
1462,70
1463,70
1464,140
1465,70
1466,126
1467,126
1468,34
1469,40
1470,59
1471,92
1472,150
1473,70
1474,107
1475,108
1476,126
1477,132
1478,129
1479,141
1480,144
1481,25
1482,73
1483,59
1484,139
1485,56
1486,132
1487,150
1488,70
1489,124
1490,34
1491,150
1492,129
1493,44
1494,128
1495,55
1496,43
1497,36
1498,131
1499,36
1500,119
1501,124
1502,33
1503,5
1504,45
1505,3
1506,115
1507,65
1508,41
1509,149
1510,41
1511,23
1512,32
1513,148
1514,15
1515,21
1516,137
1517,59
1518,16
1519,123
1520,16
1521,16
1522,137
1523,122
1524,21
1525,16
1526,136
1527,99
1528,92
1529,108
1530,136
1531,66
1532,151
1533,122
1534,123
1535,136
1536,137
1537,104
1538,104
1539,137
1540,137
1541,21
1542,122
1543,16
1544,21
1545,99
1546,104
1547,123
1548,122
1549,136
1550,137
1551,136
1552,104
1553,99
1554,123
1555,16
1556,53
1557,120
1558,16
1559,16
1560,16
1561,21
1562,153
1563,16
1564,16
1565,78
1566,150
1567,151
1568,150
1569,126
1570,34
1571,126
1572,126
1573,150
1574,17
1575,39
1576,21
1577,21
1578,108
1579,153
1580,144
1581,154
1582,126
1583,107
1584,161
1585,78
1586,136
1587,159
1588,28
1589,160
1590,79
1591,124
1592,144
1593,141
1594,34
1595,95
1596,34
1597,25
1598,40
1599,160
1600,156
1601,140
1602,70
1603,73
1604,70
1605,126
1606,126
1607,126
1608,150
1609,107
1610,144
1611,70
1612,141
1613,59
1614,151
1615,132
1616,28
1617,108
1618,40
1619,139
1620,132
1621,59
1622,66
1623,40
1624,79
1625,56
1626,150
1627,144
1628,141
1629,132
1630,144
1631,159
1632,150
1633,141
1634,150
1635,55
1636,162
1637,128
1638,44
1639,43
1640,36
1641,5
1642,119
1643,36
1644,30
1645,5
1646,33
1647,48
1647,58
1648,138
1649,41
1650,149
1651,41
1652,145
1653,41
1654,23
1655,75
1656,155
1657,32
1658,114
1659,59
1660,137
1661,25
1662,123
1663,137
1664,16
1665,156
1666,136
1667,99
1668,108
1669,122
1670,151
1671,122
1672,99
1673,136
1674,137
1675,137
1676,104
1677,137
1678,104
1679,104
1680,104
1681,21
1682,122
1683,123
1684,21
1685,99
1686,104
1687,123
1688,122
1689,136
1690,137
1691,104
1692,122
1693,137
1694,21
1695,104
1696,136
1697,150
1698,151
1699,159
1700,126
1701,157
1702,107
1703,114
1704,76
1705,138
1706,70
1707,34
1708,104
1709,126
1710,104
1711,159
1712,126
1713,159
1714,159
1715,150
1716,126
1717,160
1718,160
1719,159
1720,21
1721,108
1722,144
1723,154
1724,107
1725,126
1726,161
1727,132
1728,136
1729,129
1730,159
1731,79
1732,124
1733,30
1734,144
1735,141
1736,34
1737,95
1738,129
1739,40
1740,160
1741,78
1742,150
1743,70
1744,140
1745,70
1746,126
1747,126
1748,150
1749,126
1750,160
1751,144
1752,70
1753,141
1754,132
1755,28
1756,159
1757,108
1758,129
1759,40
1760,25
1761,38
1762,73
1763,139
1764,56
1765,132
1766,150
1767,104
1768,150
1769,92
1770,144
1771,159
1772,132
1773,144
1774,128
1775,147
1776,55
1777,44
1778,43
1779,131
1780,116
1781,36
1782,30
1783,33
1784,119
1785,45
1786,3
1787,115
1788,41
1789,149
1790,41
1791,23
1792,32
1793,148
1794,158
1795,21
1796,137
1797,25
1798,123
1799,123
1800,16
1801,156
1802,137
1803,122
1804,156
1805,16
1806,99
1807,108
1808,136
1809,66
1810,57
1811,122
1812,99
1813,123
1814,136
1815,156
1816,104
1817,104
1818,137
1819,137
1820,136
1821,159
1822,21
1823,122
1824,21
1825,99
1826,104
1827,122
1828,136
1829,137
1830,156
1831,104
1832,99
1833,123
1834,16
1835,21
1836,153
1837,16
