professor_id,department_id,professor_code,name,email,office
173,39,000012,황수현,,
174,44,000201,박경모,,
175,39,000453,김은희,,
1,7,000558,박지연,,
176,22,000570,김병진,,
177,38,001120,김정태,,
178,34,001267,신규승,,
179,44,001313,오환섭,,
180,35,001382,이승한,,
181,39,001434,임효상,,
2,11,001477,정태충,,031-201-2569031-201-2569
182,22,001525,최석호,,
183,41,001837,김중섭,,
184,22,001918,민승기,,
3,1,002205,이명호,,
185,22,002210,이미선,,
186,22,002337,김종원,,
187,7,002467,차준심,,
188,22,002500,최재구,,
189,7,002642,박정준,,
190,18,002658,권세은,,
191,22,002744,곽봉재,,
192,35,002774,임재희,,
4,40,002834,최진혁,,멀티미디어관 920호
193,37,002957,이상원,,
194,39,002975,최미경,,
195,41,002979,이환경,,
196,34,003004,이수열,,
197,41,003121,오일환,,
198,18,003665,여화선,,
199,18,003778,전정우,,
200,22,003852,정순국,,
201,19,003913,고인태,,
202,22,004170,이삼출,,
203,41,004176,이준태,,
204,22,004220,문영희,,
205,42,004431,김기국,,
206,35,004446,강성호,,
5,4,004463,송주빈,,615호
207,42,004530,윤병국,,
208,44,004719,여민경,,
209,42,004732,민관동,,
210,22,004820,김연숙,,
6,4,004883,김영수,,전자정보대학관 519호
211,7,005926,백옥분,,
212,22,006030,이병수,,
7,4,006161,예윤해,,Room 507
8,11,006162,박영태,,2582
213,42,006176,최정우,,
214,34,006177,정해양,,
215,34,006178,이석준,,
216,22,006179,윤재승,,
217,18,006183,유송민,,
9,40,006185,권영하,,332
10,11,006186,정연모,,Room 405
11,40,006187,서덕영,,전자정보관 401호
12,11,006189,한치근,,전자정보대학관 311호
218,21,006271,강정구,,
219,39,006306,이한규,,
220,22,006496,김관혁,,
221,32,006523,이혜란,,
222,7,006555,김병학,,
223,35,006556,안광현,,
13,11,006625,홍충선,,전정301호
224,44,006757,장민환,,
225,35,007168,김용호,,
226,35,007169,변송호,,
227,18,007198,손지연,,
228,18,007200,김찬기,,
229,18,009063,이선이,,
230,37,009336,조만호,,
231,35,009645,이영식,,
232,35,009646,김학원,,
14,11,009648,이승룡,,
233,7,009861,홍범일,,
234,42,009981,허동현,,
235,38,010264,유지훈,,
236,7,010302,이선미,,
237,22,010424,이경석,,
238,34,010467,이호선,,
239,31,010734,이지영,,
240,42,010820,김부용,,
241,22,010911,박성진,,
242,41,010963,홍기준,,
15,2,011044,이순걸,,"Room 422, Engineering Building"
243,18,011107,정범진,,
244,20,011138,Stephanie Eun-Kyung Rhee,,
245,39,011143,최행규,,
16,11,011186,이성원,,전자정보대학/소프트웨어융합대학 323호
246,42,011415,윤민희,,
247,39,011434,신진숙,,
248,22,011569,임형진,,
249,22,011631,김활란,,
250,23,011643,김정수,,
251,37,011654,김세영,,
252,44,012197,이준호,,
253,22,012270,정재원,,
254,18,012380,이성근,,
17,40,012405,이승관,,
255,18,012429,조성균,,
256,7,013651,김원주,,
257,35,014102,유재웅,,
258,21,014224,김기섭,,
259,39,014228,노상균,,
260,39,014409,송영복,,
18,6,014764,김혜경,,예술디자인대학 711호
19,4,014891,홍인기,,031-201-2981
20,4,014892,손원,,전자정보대학 신관 521호
261,39,014895,안병용,,
262,18,014897,장우린,,
263,19,014912,정선영,,
264,22,015031,강희,,
21,18,015184,이대호,,"전자정보대학관 310-2호, 우정원 7035호"
22,18,015327,유인태,,#317
265,18,015403,임신자,,
23,2,015456,최진환,,공대 423호
266,40,015519,윤권순,,
267,22,015725,황은주,,
268,27,015930,김경숙,,
269,44,016037,김도균,,
270,37,016069,이윤형,,
271,31,016087,오세정,,
272,18,016112,권미선,,
273,44,016200,조윤희,,
274,18,016320,한기창,,
275,18,016382,안상혁,,
276,18,016452,길재호,,
277,18,016705,이승형,,
278,18,016909,박천석,,
279,21,016926,조은영,,
280,21,017076,오태호,,
281,22,017146,박지호,,
282,18,017159,이만균,,
24,6,017453,조남준,,
283,18,017598,김은정,,
284,35,017605,이현주,,
285,19,017617,성기석,,
286,34,017825,강곤,,
25,11,017826,박광훈,,321호
287,37,017835,강창중,,
288,39,017837,이영월,,
289,18,017841,김영주,,
290,18,018692,김곤,,
291,18,018697,김차현,,
292,39,018726,SATO YOKO,,
293,39,018756,유광주,,
294,18,018759,김경석,,
295,21,018763,최윤희,,
296,18,018819,이정학,,
297,22,018823,김민전,,
298,39,018824,도가사키 유이치,,
299,31,018992,김윤희,,
300,18,019439,김정호,,
301,38,019449,이태훈,,
302,42,019492,백수희,,
303,21,019633,조운아,,
26,18,019803,김정윤,,전자정보대학 345호
304,18,019920,김성훈,,
305,18,019956,주부석,,
306,22,020004,김성,,
307,22,020144,김태경,,
308,7,020248,김현수,,
309,42,020266,김동언,,
310,18,020347,문병순,,
311,17,020365,임병노,,
312,19,020379,성순창,,
313,18,020554,오현주,,
27,43,020623,이호진,,전자정보대 345호
28,11,020897,조진성,,전정301호
314,22,020899,김성수,,
29,18,020902,김선철,,예술디자인대학관 310호 연구실
30,4,020905,김정근,,031-201-2035
315,38,020939,김형석,,
316,19,021252,강창균,,
317,19,021314,고영정,,
318,22,021650,육정임,,
31,4,021781,김원하,,031-201-2030
32,2,021782,임성수,,031-201-3248
319,41,021786,주재우,,
320,39,021791,안지영,,
321,18,021794,이태훈,,
33,4,021795,이계산,,505호실
322,18,021798,최정욱,,
323,17,021844,김병찬,,
324,7,022146,김경수,,
325,31,022183,이윤주,,
34,11,022334,이영구,,"College of Electronics and Information, RM 315"
326,18,022335,이종욱,,
327,18,022336,김태성,,
328,35,022338,양성익,,
329,18,022343,김정남,,
330,18,022352,장재관,,
331,18,022354,한경훈,,
35,2,022575,김성수,,
332,25,022585,이선희,,
333,7,022902,안일주,,
36,4,023209,김윤희,,"031-201-3793,  전자정보대학,  511호"
334,44,023210,박유경,,
37,7,023213,배재형,,경희대학교국제캠퍼스 멀티미디어관 919호
38,11,023326,어지수,,
335,22,023661,윤원근,,
39,11,023827,정화영,,
336,18,024132,한용구,,
337,21,024301,장성희,,
338,18,024463,김관수,,
339,34,024579,임대영,,
40,11,024580,허의남,,031-201-3778
41,3,024581,진창호,,공학관 320호
340,18,024584,이동민,,
341,19,024638,이재복,,
42,4,025245,신현동,,전자정보대학 513호
342,7,025246,한창용,,
343,22,025247,박수종,,
344,18,025248,홍상훈,,
43,4,025249,김규헌,,031-201-3810
345,35,025251,이병노,,
346,32,025290,Roger Thompson,,
347,19,025431,김기영,,
348,28,025487,정경아,,
349,22,025567,전명원,,
350,35,025783,오영호,,
44,4,026088,유재수,,전전 518호
351,44,026105,김지혜,,
352,18,026139,김상욱,,
353,32,026214,Armando Daniel Bazan,,
354,21,026519,강호정,,
45,4,026641,김동한,,전자정보대학 609호
46,7,026834,남궁윤미,,
355,18,027796,윤상웅,,
47,8,027799,정재윤,,공학관 430호
356,18,027801,이택광,,
357,44,027803,이정민,,
358,34,027907,김영훈,,
359,43,027940,한진욱,,
360,18,027985,문용재,,
361,22,028093,김정현,,
362,18,028450,변경민,,
363,35,028451,강은주,,
48,18,028453,이상민,,외국어대학 330
364,42,028456,신은희,,
49,2,028641,김철,,
365,34,028733,이선구,,
366,7,028766,김응기,,
367,19,028839,하희문,,
368,19,029396,김유진,,
369,20,029527,Andrew James Stewart,,
370,20,029552,신혜정,,
371,25,029562,송정명,,
372,21,029873,홍비연,,
373,21,029878,윤분희,,
374,22,029913,김인석,,
375,40,030172,김명섭,,
376,19,030186,문영재,,
377,39,030342,최유경,,
378,7,030368,최용빈,,
379,7,030369,박정주,,
380,18,030573,유가영,,
381,34,030576,이민철,,
382,18,030582,오정숙,,
383,44,030583,전중환,,
384,44,030584,홍정우,,
385,29,030613,신영록,,
386,42,030858,한형주,,
387,32,031087,박현주,,
388,37,031180,김연주,,
389,31,031197,한송이,,
390,22,031285,선종호,,
391,18,031962,방창현,,
392,32,032035,Brown Hyon Chol,,
393,20,032036,Cynthia SohYoung Yoo,,
394,22,032281,유병래,,
395,21,032335,박지용,,
396,21,032446,강은모,,
397,34,032567,김영민,,
398,22,032761,Tetsuya Magara,,
50,6,032873,노재학,,02-557-9250
399,22,032903,최윤영,,
400,19,032943,김성호,,
401,23,033041,고재흥,,
402,17,033053,최일선,,
51,18,033072,이원구,,공학관 506호
403,19,033307,임선영,,
404,18,033409,장문정,,
52,11,033491,이상훈,,전자정보대학 345호
53,18,033495,김범석,,
405,21,033515,이우현,,
406,22,033887,맹성호,,
407,36,034268,장광현,,
408,18,034270,김대진,,
409,34,034271,이종수,,
410,7,034272,김혜현,,
411,34,034273,이은상,,
412,41,034496,김명수,,
413,18,034524,김진오,,
414,21,034565,한유희,,
415,39,035013,배우정,,
416,40,035073,손종역,,
417,22,035075,이정은,,
418,18,035076,오창식,,
419,21,035144,엄상희,,
420,19,035282,홍대석,,
421,22,035570,유해정,,
422,22,035728,이은정,,
423,22,035729,전호근,,
424,22,035731,김종인,,
425,22,035734,최인자,,
426,30,035738,박숙경,,
427,30,035740,정현경,,
428,22,035785,양훈도,,
429,22,035786,박영주,,
430,22,035787,민진영,,
431,22,035794,상종열,,
432,19,036019,박삼일,,
433,29,036323,문승일,,
434,32,036482,Jennifer M. Flinn,,
435,22,036570,유한범,,
436,39,036730,이수연,,
437,18,036956,천장환,,
54,3,036957,박명주,,427호
438,34,036961,송현욱,,
439,18,036963,김우기,,
440,44,036964,이찬희,,
441,18,036970,이민형,,
55,4,036971,박욱,,
442,18,036972,장익준,,
56,11,037046,안기옥,,010-4410-7286
443,21,037087,박선애,,
444,20,037159,Brian Daniel Arundel,,
445,20,037161,Hue Joshua Lee,,
446,18,037231,조은아,,
447,22,037447,조철민,,
448,31,037453,차희정,,
449,22,037465,이광훈,,
450,31,037467,김민정,,
451,21,037475,전성희,,
57,11,038168,전석희,,319
452,18,038169,주효연,,
453,23,038330,김건표,,
454,42,038559,김석희,,
455,21,038850,신선희,,
456,25,038905,서명준,,
457,19,039024,김일수,,
458,38,039145,FABREGAS ELISENDA,,
459,18,039149,이광조,,
58,18,039150,정혜진,,
460,18,039159,강두선,,
461,18,039161,박지홍,,
462,34,039297,김선경,,
59,11,039542,이승규,,
463,37,039543,하선화,,
464,39,039549,Teshima Takahiro,,
465,18,039709,김광표,,
466,39,039714,박정원,,
467,37,039715,김기영,,
60,6,039718,우탁,,우정원 7037호
468,41,039719,백범석,,
469,18,039720,김선일,,
470,18,039721,김소연,,
471,21,039882,홍상언,,
472,21,040180,박경희,,
473,37,040402,유민경,,
474,34,040541,이나영,,
475,34,040542,민해식,,
476,17,040734,이재경,,
477,22,040770,송종서,,
478,19,040857,정아람,,
479,39,041148,김희성,,
480,20,041420,범철호,,
481,21,041591,최면정,,
61,11,041632,김영안,,전자정보대학 303호실
482,18,041863,정치화,,
483,41,042176,박대진,,
484,21,042419,김광섭,,
62,3,042468,김장호,,공학관 476-1호
485,7,042470,김정산,,
486,18,042471,유정목,,
487,18,042472,민병욱,,
488,18,042473,윤지인,,
489,21,042481,최승희,,
490,21,042481,최하린,,
491,21,042716,서반석,,
63,11,043181,강선무,,애지원 교수연구A동 404호
492,19,043443,박진수,,
493,19,043446,박진우,,
494,18,043943,전종식,,
495,18,044196,강세찬,,
496,34,044199,박민식,,
497,7,044201,최선호,,
64,4,044202,이상민,,Electronics and Information Bldg. Rm. 711
498,18,044203,이승현,,
499,35,044204,강경태,,
500,31,044327,김영임,,
501,31,044381,최은영,,
502,43,044401,홍아름,,
503,22,044778,나고운,,
504,40,044869,박수정,,
505,37,044977,구형근,,
506,18,045081,설현욱,,
65,18,045317,신정우,,
507,18,045321,김형진,,
508,35,045361,정재학,,
509,18,045380,김상혁,,
66,11,045483,진성욱,,
67,11,045484,서상원,,
510,19,045983,김지혜,,
511,19,046029,고모현,,
512,22,046181,김연철,,
513,22,046182,황현일,,
514,21,046190,김영희,,
515,23,046281,이소정,,
516,34,046287,이성훈,,
517,18,046288,반상우,,
68,11,046292,김녹원,,전자정보대학 443-2
518,18,046293,김대원,,
69,8,046298,정지영,,전자정보대학 323-1호
519,18,046301,전윤한,,
520,7,046767,박명진,,
521,17,047039,박은숙,,
522,31,047357,백지윤,,
523,21,047360,진애라,,
524,18,047378,추현욱,,
70,11,047387,배성호,,전자정보관 350호
525,18,047388,이영석,,
71,11,047428,이해준,,
72,11,047809,김종혁,,전자정보학부 B08
73,11,047818,김재홍,,
74,11,047819,서우석,,
526,34,048087,장근옥,,
527,18,048090,이정민,,
75,2,048093,김진균,,https://www.maslab-khu.com/
528,35,048095,유은정,,
529,18,048109,홍원택,,
530,39,048125,하유진,,
531,23,048126,이화령,,
532,21,048127,조명숙,,
533,21,048128,고유림,,
534,21,048131,주지선,,
535,31,048138,이은영,,
536,28,048175,현종찬,,
76,12,048193,엄주명,,
537,18,048197,오진영,,
538,7,048262,최승경,,
539,20,048278,최철환,,
540,18,048462,김정현,,
77,18,048470,정지연,,예술디자인대학 408호
541,18,048727,김종한,,
78,11,048730,박성배,,"Room 323-1, College of Electronics and Information"
542,21,049009,이유진,,
543,18,049010,최윤정,,
544,21,049011,김미선,,
545,19,049013,장덕진,,
546,34,049104,최홍,,
547,17,049133,남상석,,
548,17,049249,지연정,,
549,34,049489,이남영,,
79,11,049571,김정윤,,전자정보대학 345호
550,19,049575,김유진,,
551,20,049624,정형석,,
552,38,049626,박진희,,
553,21,049666,오승희,,
554,17,049781,한지수,,
80,7,049814,전준기,,응용과학대학 419호 금융수학 연구실
81,2,049815,김두호,,
555,35,049816,전우진,,
556,22,050140,김영진,,
557,22,050141,신충식,,
558,22,050142,조현준,,
559,22,050143,윤종희,,
560,21,050144,진은진,,
561,22,050145,이진오,,
562,38,050177,김현영,,
82,6,050184,이승준,,
563,38,050186,이정은,,
83,6,050187,이준모,,
564,38,050189,정경아,,
565,38,050235,이규선,,
566,17,050293,윤송하,,
84,4,050364,이현수,,
567,38,050414,이철희,,
85,11,050425,Rahman Waqas Ur,,
568,19,050444,전문규,,
569,19,050458,최수연,,
570,19,050479,이재권,,
571,19,050529,이승진,,
572,18,050720,박찬욱,,
573,19,050907,강신녀,,
574,19,050913,라정현,,
86,7,051042,이진,,
575,19,051132,이수경,,
576,19,051197,조경훈,,
577,41,051220,함선미,,
578,18,051270,김유미,,
579,19,051327,김현국,,
580,42,051400,박경혜,,
581,34,051498,정선호,,
582,18,051499,이정태,,
583,18,051502,이석,,
584,19,051509,이준희,,
585,21,051646,유재명,,
586,19,051722,문영재,,
587,42,051734,정명규,,
588,19,051738,정권혁,,
589,17,051758,김윤정,,
590,22,051759,지혜경,,
591,31,051764,엄태경,,
592,31,051765,강정화,,
593,21,051766,최수진,,
594,31,051768,이은봉,,
595,21,051769,조동범,,
596,21,051770,김정욱,,
597,21,051771,이승아,,
598,21,051772,진은경,,
599,40,051775,공경식,,
600,26,051779,송승현,,
601,34,051839,이은모,,
602,35,051873,심지혜,,
603,7,051874,손수진,,
604,7,051876,남윤,,
87,7,051878,김수현,,
605,17,051881,남기석,,
606,19,051940,문보라,,
607,19,051954,전영석,,
608,38,051989,김숙현,,
88,11,052064,방재훈,,전자정보대학 351호
609,19,052067,강홍찬,,
610,19,052069,안문경,,
611,22,052070,이규호,,
612,19,052071,이인엽,,
613,42,052072,전은진,,
614,41,052073,최계명,,
615,38,052074,김정아,,
616,38,052075,박상아,,
617,38,052077,오정은,,
618,18,052079,홍진호,,
619,19,052080,정건철,,
89,3,052141,이효성,,
620,44,052142,송기국,,
90,11,052143,채옥삼,,
621,22,052144,김갑성,,
91,6,052213,이승훈,,
622,19,052238,김선희,,
623,19,052240,이동건,,
624,17,052279,이관성,,
625,44,052299,김정수,,
626,36,052300,고명훈,,
627,40,052407,정인식,,
628,42,052707,이영란,,
629,18,052974,노원상,,
630,18,052976,박상희,,
631,35,052978,김명준,,
92,11,052980,김휘용,,511
632,32,052981,여승주,,
633,30,052982,권순대,,
93,8,053003,강형엽,,전자정보대학관 320호 IIIXR Lab
634,19,053009,정현철,,
94,6,053010,김숭현,,예709
635,17,053013,예철해,,
636,44,053036,우상권,,
637,17,053037,김선영,,
638,21,053038,한주희,,
639,18,053040,김진상,,
640,44,053064,이소영,,
95,11,053197,김태연,,전자정보대학 349호(데이터 및 지식 공학 연구실)
96,3,053224,김경민,,
97,6,053304,이내도,,
641,40,053685,전흥신,,
642,35,053688,이성열,,
98,6,053906,이상우,,
99,8,054270,이원희,,전자정보대학관 708호
643,37,054274,김세영,,
644,18,054285,김태경,,
100,11,054286,Priyan Malarvizhi Kumar,,
101,6,054311,우제승,,
102,6,054312,이은진,,
645,38,054319,설지형,,
646,19,054358,전문규,,
647,18,054983,허림,,
648,18,055074,권춘탁,,
103,7,055075,박준표,,우정원 7061
104,11,055078,황효석,,전자정보동 318호
649,18,055090,이제욱,,
650,42,055108,홍영미,,
651,17,055164,정해진,,
105,6,055221,황성환,,
106,6,055222,김기혁,,
652,21,055349,소지영,,
653,38,055350,한수경,,
654,18,055351,이숙진,,
107,11,055392,김성태,,전자정보대학 508호
108,11,055393,최진우,,전자정보공학관 324호
109,11,055394,박경문,,전자정보대학 325-4호
110,40,055396,권영하,,332
111,4,055397,김영수,,전자정보대학관 519호
112,11,055744,김범석,,전자정보대학 348호
113,11,055745,조항기,,
114,2,056148,김종우,,공대실험동 211호
655,35,056149,김민호,,
656,34,056150,김민수,,
115,3,056151,전현우,,우정원 7087
657,37,056152,배효철,,
658,38,056154,이철희,,
659,18,056155,김민채,,
116,4,056156,정해준,,
660,18,056161,서근영,,
661,19,056283,김상훈,,
662,35,056357,이병일,,
663,35,056358,최혁준,,
664,34,056371,노태호,,
665,31,056396,박상완,,
666,31,056397,김지혜,,
667,18,056398,최은영,,
668,19,056413,박성희,,
669,17,056415,최현우,,
670,39,056416,김시현,,
671,22,056417,류연희,,
117,6,056422,서정민,,
672,42,056433,김석희,,
118,6,056448,김윤희,,
673,18,056666,김선숙,,
674,18,056667,김유리,,
675,17,056668,엄수정,,
676,7,056795,홍범일,,
677,44,056796,장민환,,
678,22,056799,최석호,,
679,18,056811,왕준식,,
119,4,056815,최민석,,
120,11,057157,정원수,,우정원 B148호
680,34,057353,강곤,,
681,17,057435,장지현,,
682,31,057441,김현철,,
683,38,057480,김종옥,,
684,18,057536,염원희,,
685,34,057539,박기주,,
686,18,057540,김미주,,
687,34,057543,박윤석,,
688,22,057566,이영순,,
689,18,057745,남부현,,
121,11,058035,HASSAN WASEEM,,
690,7,058471,김병학,,
691,18,058479,강남규,,
122,8,058521,오승재,,전 325-4호
692,18,058522,정대현,,
123,8,058523,박상근,,전자정보대학314호
124,4,058525,고한얼,,전자정보관 416
693,42,058577,김승래,,
694,19,058588,이동건,,
695,19,058590,채진석,,
696,21,058591,이은선,,
697,19,058593,김우진,,
698,22,058595,고정근,,
699,22,058596,김영걸,,
700,22,058597,차은정,,
701,39,058598,이병수,,
702,18,058602,노한균,,
703,38,058614,이하은,,
704,42,058623,최석영,,
705,19,058707,허진,,
706,21,058709,박상란,,
707,39,058710,황미선,,
125,6,058712,최형인,,
708,17,058755,김소연,,
709,42,058791,최은진,,
710,20,058792,이지혜,,
711,38,058793,추상희,,
712,37,058812,이슬아,,
713,38,058873,이윤진,,
714,18,058971,이은혜,,
126,11,058974,김정욱,,우정원 7032호
127,11,058992,Chaoning Zhang,,전자정보관 326호
715,21,059070,정낙현,,
716,19,059082,최명규,,
717,17,059325,이미숙,,
718,18,059380,정치화,,
719,35,059480,안광현,,
128,4,059482,정연모,,Room 405
720,40,059483,서덕영,,
721,21,059580,조리라,,
722,18,059627,안상혁,,
723,18,059628,이성근,,
724,18,059630,허림,,
725,18,059631,박기서,,
726,17,059632,이서인,,
727,7,059633,나광수,,
728,7,059634,신혜선,,
729,21,059637,유종현,,
730,21,059638,이효윤,,
731,21,059639,박다솜,,
732,42,059641,장우현,,
733,38,059642,이대범,,
734,38,059643,신문영,,
735,38,059644,김소희,,
736,41,059645,윤병조,,
129,11,059667,허선영,,우정원 7028호
737,43,059690,이기봉,,
738,17,059721,박미연,,
739,21,059740,김정은,,
740,44,059741,채진해,,
741,43,059742,이재문,,
742,18,059743,김현경,,
743,18,059744,이승형,,
130,2,059921,김상현,,우정원 7004호
744,35,059924,김병곤,,
131,4,059930,최기호,,전자정보대학관 510호
132,11,059932,장대희,,우정원 7030
133,11,060800,정태충,,031-201-2569031-201-2569
745,34,060801,최정우,,
746,20,060879,공지은,,
747,20,060880,정지수,,
748,22,060881,민현주,,
749,22,060882,장성빈,,
750,39,060884,김태경,,
751,26,060885,윤희진,,
752,18,060886,국화,,
753,19,060892,최웅빈,,
754,23,060898,김호정,,
755,19,060901,양혜진,,
756,35,060918,박성훈,,
134,6,060919,우제승,,
135,8,061060,김형석,,
757,18,061119,오민석,,
758,18,061120,이명원,,
759,35,061418,장보규,,
136,11,061420,박제만,,우정원 7036호
137,8,061421,조명아,,우정원 7032호
138,5,061424,김유빈,,313호
760,27,061809,이용택,,
761,27,061810,백광희,,
762,20,061841,김성익,,
763,18,061851,송윤화,,
139,11,061910,김정현,,
764,19,061947,박진우,,
765,19,061957,허진,,
140,11,062077,이동현,,
766,18,062129,류두원,,
767,35,062133,최현경,,
141,8,062134,성무진,,
142,13,062135,박정환,,우정원B6021
143,3,062156,최인수,,
768,37,062910,강창중,,
769,34,062984,김원년,,
770,22,062995,김한나,,
771,21,063000,지여정,,
772,21,063001,박주은,,
773,18,063003,권용혜,,
774,21,063004,박지혜,,
775,18,063011,이지은,,
776,22,063071,이영민,,
777,17,063090,김홍주,,
778,27,063091,이근필,,
779,27,063092,이영민,,
780,25,063147,이유정,,
781,27,063262,한상연,,
144,11,063365,박철준,,우정원 7034호 (박철준교수 연구실)
782,37,063367,김원경,,
783,25,063765,이규원,,
145,3,063880,박준성,,
784,34,063892,임재용,,
146,11,063929,최경식,,
785,24,063973,홍석성,,
786,23,063974,박정연,,
787,23,063975,나희진,,
147,13,063976,길태현,,
788,22,063983,성숙경,,
789,24,063988,이예림,,
790,25,063989,신수정,,
791,17,064021,임병노,,
792,18,064030,서여주,,
793,22,064058,김찬미,,
794,28,064059,손구용,,
795,26,064069,박정규,,
796,34,064108,조영범,,
148,2,064119,임재혁,,공학관 403호
797,34,064121,김민중,,
798,22,064159,우승희,,
149,3,064161,오관석,,우정원 B6040호
799,34,064169,황규성,,
800,34,064243,임혜린,,
150,12,064244,김수현,,우정원 7027호
801,34,064248,김경호,,
802,27,064284,이명호,,
803,35,064387,김태우,,
804,17,064945,김수인,,
805,21,065134,최은정,,
806,21,065135,박혜진,,
807,21,065137,이윤희,,
808,21,065138,박주현,,
809,21,065139,박혜순,,
810,22,065140,최윤영,,
811,27,065141,김경옥,,
812,28,065142,김예원,,
813,19,065180,양명주,,
814,29,065199,한치근,,
815,35,065200,변송호,,
816,25,065201,민관동,,
817,19,065289,이윤정,,
818,17,065310,이유정,,
819,19,065311,이윤님,,
820,27,065315,최철웅,,
821,22,065318,황현숙,,
822,24,065335,김인,,
823,19,065353,김우진,,
151,11,065428,이신영,,우정원 7030호
824,34,065429,이재진,,
825,27,065430,권수현,,
826,18,065433,신동진,,
152,11,065550,손희승,,전자정보대학 348호
153,11,065875,한정원,,우정원 B148호
827,26,066212,임형진,,
828,26,066213,나지현,,
829,22,066214,황윤정,,
830,22,066215,성지윤,,
831,21,066216,김서율,,
832,21,066217,김경은,,
833,25,066218,김준호,,
834,29,066219,이대영,,
835,29,066220,FU XING,,
836,25,066321,허은,,
154,11,066335,최경식,,
837,26,066336,박우현,,
838,26,066343,김유진,,
839,35,066353,김민,,
840,20,066357,강은수,,
841,20,066358,이연섭,,
155,15,066458,이순걸,,"Engineering Building 1, Room 422"
842,35,066461,김용호,,
843,35,066462,김학원,,
844,7,066463,최광선,,
845,25,066464,이혜란,,
156,11,066487,김강민,,B6088
157,12,066494,박준형,,우정원 B6089호
158,15,066496,이동재,,
846,34,066497,이승준,,
159,11,066503,최성하,,우정원 (Woojeongwon) 6085
160,11,066505,남기빈,,우정원 6031호
161,11,066507,인성원,,우정원 B6030
847,7,066510,이진엽,,
162,14,066513,박세진,,
848,17,067272,이일경,,
849,26,067391,전상우,,
850,27,067406,송영조,,
851,22,067407,김세원,,
852,21,067410,최예슬,,
853,34,067422,오명주,,
854,35,067423,문혜영,,
855,7,067433,오형석,,
856,34,067434,박창수,,
857,21,067532,엄채민,,
858,21,067533,강다현,,
859,18,067534,황지영,,
860,34,067537,이호선,,
861,24,067538,이영식,,
862,19,067572,최웅빈,,
863,20,067631,최은영,,
864,23,067813,김현지,,
