time_slot_id,day,start_time,end_time
1,friday,08:00,08:50
2,friday,09:00,09:50
234,friday,09:00,10:15
235,friday,09:00,10:50
3,friday,09:00,11:45
4,friday,09:00,11:50
5,friday,09:00,12:50
6,friday,09:30,12:00
7,friday,09:30,12:15
8,friday,09:30,12:20
236,friday,10:00,11:45
9,friday,10:00,11:50
10,friday,10:00,12:00
237,friday,10:00,12:45
11,friday,10:30,11:20
238,friday,10:30,11:45
239,friday,10:30,12:20
12,friday,10:30,13:15
13,friday,11:00,12:50
240,friday,11:30,12:20
14,friday,12:00,12:50
241,friday,12:00,13:15
242,friday,12:00,13:50
15,friday,12:00,14:45
16,friday,12:00,14:50
17,friday,12:00,15:50
243,friday,12:30,13:20
244,friday,12:30,15:15
18,friday,12:30,15:20
245,friday,13:00,13:50
246,friday,13:00,14:15
19,friday,13:00,14:50
20,friday,13:00,15:30
21,friday,13:00,15:45
22,friday,13:30,14:20
23,friday,13:30,14:45
247,friday,13:30,15:20
24,friday,13:30,16:00
25,friday,13:30,16:15
26,friday,13:30,16:20
27,friday,13:30,17:20
248,friday,14:00,15:50
249,friday,14:30,15:20
250,friday,14:30,15:45
28,friday,14:30,17:15
251,friday,15:00,15:50
29,friday,15:00,16:15
30,friday,15:00,16:50
31,friday,15:00,17:30
32,friday,15:00,17:45
33,friday,15:00,17:50
252,friday,15:30,16:20
253,friday,15:30,17:20
34,friday,15:30,18:20
254,friday,16:00,16:50
35,friday,16:30,17:20
255,friday,16:30,17:45
36,friday,16:30,19:15
256,friday,17:00,17:50
257,friday,18:00,18:50
37,friday,18:00,19:50
38,friday,18:00,20:30
39,friday,18:00,20:45
40,friday,18:00,20:50
41,friday,18:30,21:15
42,friday,18:30,21:20
43,friday,19:00,21:45
44,friday,19:00,21:50
45,friday,21:00,23:45
46,monday,09:00,10:15
258,monday,09:00,10:50
47,monday,09:00,11:45
48,monday,09:00,11:50
49,monday,09:00,12:50
50,monday,09:30,11:20
51,monday,09:30,12:00
259,monday,10:00,11:45
52,monday,10:00,11:50
260,monday,10:00,12:45
53,monday,10:30,11:20
54,monday,10:30,11:45
55,monday,10:30,12:20
261,monday,10:30,13:15
56,monday,11:00,12:50
262,monday,12:00,12:50
57,monday,12:00,13:15
58,monday,12:00,13:50
263,monday,12:00,14:45
264,monday,12:30,13:20
59,monday,12:30,14:20
265,monday,13:00,14:15
60,monday,13:00,14:45
61,monday,13:00,14:50
266,monday,13:00,14:55
62,monday,13:00,15:45
267,monday,13:30,14:20
63,monday,13:30,14:45
64,monday,13:30,14:50
65,monday,13:30,15:20
268,monday,13:30,16:15
66,monday,13:30,17:20
67,monday,14:00,15:50
269,monday,14:30,15:45
68,monday,14:30,16:20
270,monday,15:00,15:50
69,monday,15:00,16:15
70,monday,15:00,16:50
271,monday,15:00,17:45
272,monday,15:30,16:20
273,monday,15:30,17:20
71,monday,15:45,17:00
72,monday,16:00,17:50
274,monday,16:30,17:20
73,monday,16:30,17:45
275,monday,16:30,18:00
74,monday,16:30,18:20
75,monday,16:30,18:30
276,monday,16:30,19:15
76,monday,17:00,18:15
77,monday,17:00,18:50
78,monday,18:00,18:50
79,monday,18:00,19:00
80,monday,18:00,19:15
81,monday,18:00,19:50
277,monday,18:00,20:25
82,monday,18:00,20:45
83,monday,18:00,20:50
278,monday,18:30,19:20
279,monday,18:30,20:20
84,monday,18:30,21:20
85,monday,19:00,20:15
86,monday,19:00,21:45
87,monday,19:00,21:50
280,monday,19:30,20:20
88,monday,20:00,22:45
89,monday,21:00,22:15
90,saturday,07:00,09:00
91,saturday,09:00,10:00
92,saturday,09:00,10:50
93,saturday,09:00,11:45
94,saturday,09:00,12:45
95,saturday,09:00,12:50
96,saturday,10:00,12:45
97,saturday,12:00,13:50
98,saturday,12:00,14:45
281,saturday,13:00,15:45
282,saturday,18:00,19:50
99,saturday,18:00,20:45
283,thursday,09:00,09:50
100,thursday,09:00,10:15
284,thursday,09:00,10:30
285,thursday,09:00,10:50
101,thursday,09:00,11:45
102,thursday,09:00,11:50
103,thursday,09:00,12:50
286,thursday,09:30,11:20
104,thursday,09:30,12:00
105,thursday,09:30,12:15
106,thursday,10:00,11:15
287,thursday,10:00,11:45
107,thursday,10:00,11:50
108,thursday,10:00,12:00
288,thursday,10:00,12:45
109,thursday,10:30,11:45
110,thursday,10:30,12:20
111,thursday,11:00,12:15
289,thursday,11:00,12:50
290,thursday,11:30,13:20
291,thursday,12:00,12:50
112,thursday,12:00,13:15
113,thursday,12:00,13:50
292,thursday,12:00,14:45
293,thursday,12:30,14:20
294,thursday,13:00,13:50
295,thursday,13:00,14:15
114,thursday,13:00,14:45
115,thursday,13:00,14:50
116,thursday,13:00,15:45
117,thursday,13:00,16:50
296,thursday,13:30,14:20
118,thursday,13:30,14:45
119,thursday,13:30,15:20
297,thursday,13:30,16:15
120,thursday,13:30,17:20
298,thursday,14:00,14:50
299,thursday,14:00,15:50
300,thursday,14:00,16:45
301,thursday,14:30,15:45
302,thursday,14:30,16:20
303,thursday,15:00,15:50
121,thursday,15:00,16:15
122,thursday,15:00,16:50
304,thursday,15:00,17:30
305,thursday,15:00,17:45
123,thursday,15:00,18:50
306,thursday,15:30,16:20
307,thursday,15:30,17:20
308,thursday,16:00,16:50
124,thursday,16:00,17:50
309,thursday,16:30,17:20
125,thursday,16:30,17:45
126,thursday,16:30,18:20
310,thursday,16:30,19:15
127,thursday,16:30,19:20
128,thursday,17:00,18:15
129,thursday,17:00,18:50
130,thursday,17:00,19:45
131,thursday,18:00,18:50
311,thursday,18:00,19:15
312,thursday,18:00,19:50
313,thursday,18:00,20:00
314,thursday,18:00,20:25
132,thursday,18:00,20:45
133,thursday,18:00,20:50
134,thursday,19:00,20:15
135,thursday,19:00,20:50
136,thursday,19:30,20:45
137,thursday,20:00,22:45
138,tuesday,09:00,10:15
315,tuesday,09:00,10:30
316,tuesday,09:00,10:50
139,tuesday,09:00,11:45
140,tuesday,09:00,11:50
141,tuesday,09:00,12:50
142,tuesday,09:30,12:00
143,tuesday,10:00,11:15
317,tuesday,10:00,11:45
144,tuesday,10:00,11:50
145,tuesday,10:00,12:00
318,tuesday,10:00,12:45
319,tuesday,10:30,11:20
146,tuesday,10:30,11:45
147,tuesday,10:30,12:20
320,tuesday,10:30,13:15
148,tuesday,11:00,12:15
321,tuesday,11:00,12:50
322,tuesday,12:00,12:50
149,tuesday,12:00,13:15
150,tuesday,12:00,13:50
323,tuesday,12:00,14:45
151,tuesday,12:00,15:50
152,tuesday,12:00,16:00
324,tuesday,13:00,14:15
153,tuesday,13:00,14:45
154,tuesday,13:00,14:50
155,tuesday,13:00,15:45
156,tuesday,13:00,16:50
325,tuesday,13:30,14:20
157,tuesday,13:30,14:45
158,tuesday,13:30,15:20
326,tuesday,13:30,16:15
159,tuesday,13:30,17:20
327,tuesday,14:00,15:50
328,tuesday,14:00,16:45
329,tuesday,14:30,15:45
330,tuesday,14:30,16:20
331,tuesday,15:00,15:50
160,tuesday,15:00,16:15
161,tuesday,15:00,16:50
162,tuesday,15:00,17:30
163,tuesday,15:00,17:45
164,tuesday,15:00,18:50
332,tuesday,15:30,16:20
333,tuesday,15:30,17:20
165,tuesday,16:00,17:50
334,tuesday,16:30,17:20
166,tuesday,16:30,17:45
167,tuesday,16:30,18:20
168,tuesday,16:30,19:15
335,tuesday,17:00,17:50
169,tuesday,17:00,18:15
170,tuesday,17:00,18:50
171,tuesday,17:00,19:45
172,tuesday,17:00,19:50
336,tuesday,17:30,18:20
173,tuesday,18:00,18:50
337,tuesday,18:00,19:15
338,tuesday,18:00,19:50
339,tuesday,18:00,20:00
340,tuesday,18:00,20:25
174,tuesday,18:00,20:45
175,tuesday,18:00,20:50
176,tuesday,18:30,19:20
341,tuesday,18:30,20:30
177,tuesday,19:00,20:15
178,tuesday,19:00,20:50
342,tuesday,19:00,21:25
179,tuesday,19:00,21:45
180,tuesday,19:30,20:20
181,tuesday,19:30,20:45
182,tuesday,20:00,20:50
183,wednesday,08:00,08:50
184,wednesday,09:00,10:15
343,wednesday,09:00,10:50
185,wednesday,09:00,11:45
186,wednesday,09:00,11:50
187,wednesday,09:00,12:50
188,wednesday,09:30,11:20
344,wednesday,10:00,10:50
345,wednesday,10:00,11:45
189,wednesday,10:00,11:50
346,wednesday,10:00,12:45
190,wednesday,10:30,11:20
191,wednesday,10:30,11:45
192,wednesday,10:30,12:20
347,wednesday,10:30,13:15
193,wednesday,11:00,12:50
348,wednesday,12:00,12:50
194,wednesday,12:00,13:15
195,wednesday,12:00,13:50
349,wednesday,12:00,14:45
196,wednesday,12:30,14:20
350,wednesday,13:00,13:50
351,wednesday,13:00,14:15
197,wednesday,13:00,14:45
198,wednesday,13:00,14:50
199,wednesday,13:00,15:45
200,wednesday,13:00,16:50
352,wednesday,13:30,14:20
201,wednesday,13:30,14:45
202,wednesday,13:30,14:50
203,wednesday,13:30,15:20
353,wednesday,13:30,16:15
204,wednesday,13:30,17:20
205,wednesday,14:00,15:50
206,wednesday,14:00,16:50
354,wednesday,14:30,15:45
207,wednesday,14:30,16:20
355,wednesday,15:00,15:50
208,wednesday,15:00,16:15
209,wednesday,15:00,16:50
356,wednesday,15:00,17:25
210,wednesday,15:00,17:45
357,wednesday,15:30,16:20
358,wednesday,15:30,17:20
211,wednesday,15:45,17:00
212,wednesday,16:00,17:50
359,wednesday,16:30,17:20
213,wednesday,16:30,17:45
360,wednesday,16:30,18:00
214,wednesday,16:30,18:20
215,wednesday,16:30,18:30
361,wednesday,17:00,17:50
216,wednesday,17:00,18:15
217,wednesday,17:00,18:50
218,wednesday,17:00,19:45
219,wednesday,17:00,19:50
362,wednesday,17:30,18:20
220,wednesday,18:00,18:50
221,wednesday,18:00,19:00
222,wednesday,18:00,19:15
223,wednesday,18:00,19:50
363,wednesday,18:00,20:00
364,wednesday,18:00,20:25
224,wednesday,18:00,20:45
225,wednesday,18:00,20:50
226,wednesday,18:30,19:20
227,wednesday,19:00,19:50
228,wednesday,19:00,20:15
229,wednesday,19:30,20:20
230,wednesday,20:00,20:50
231,wednesday,20:30,21:20
232,wednesday,21:00,21:50
233,wednesday,21:00,22:15
