enrollment_id,student_id,offering_id,course_code,category_id,grade,status,is_retake,retaken
1,202210001,621,AMTH1004,1,B-,완료,0,0
2,202210001,400,AI1001,1,A-,완료,0,0
3,202210001,623,AMTH1009,1,B-,완료,0,0
4,202210001,463,EE211,1,C+,완료,0,0
5,202210001,484,SWCON104,2,A-,완료,0,0
6,202210001,403,CSE103,2,C0,완료,0,0
7,202210001,511,AI1003,1,A0,완료,0,0
8,202210001,510,AI1002,2,A-,완료,0,0
9,202210001,5502,GEC1105,4,C+,완료,0,0
10,202210001,5359,GEC0103,11,A+,완료,0,0
11,202210001,5491,GEC1105,4,A0,완료,0,0
12,202210001,5415,GEC1102,11,A-,완료,0,0
13,202210001,6063,GEC0103,11,B+,완료,0,0
14,202210001,631,CSE201,1,C-,완료,0,0
15,202210001,729,SWCON253,2,A0,완료,0,0
16,202210001,636,CSE204,2,A-,완료,0,0
17,202210001,721,SWCON103,2,C+,완료,0,0
18,202210001,656,CSE340,3,C+,완료,0,0
19,202210001,803,CSE304,2,B0,완료,0,0
20,202210001,797,CSE301,2,C+,완료,0,0
21,202210001,809,CSE331,2,C0,완료,0,0
22,202210001,6629,GEC1102,11,D0,완료,0,0
23,202210001,1530,SWCON256,3,B+,완료,0,0
24,202210001,6839,GED11026,5,C0,완료,0,0
25,202210001,934,AI3002,2,C+,완료,0,0
26,202210001,959,CSE305,2,B+,완료,0,0
27,202210001,933,AI3001,2,B-,완료,0,0
28,202210001,961,CSE322,3,A+,완료,0,0
29,202210001,965,CSE331,3,C-,완료,0,0
30,202210001,1706,AI3104,3,A0,완료,0,0
31,202210001,546,CSE434,3,C-,완료,0,0
32,202210001,1172,CSE441,3,A-,완료,0,0
33,202210001,1229,SWCON302,3,P,완료,0,0
34,202210001,949,CSE224,3,A0,완료,0,0
35,202210001,1115,AI3008,3,A-,완료,0,0
36,202210001,1705,AI3103,3,B+,완료,0,0
37,202210001,1330,CSE406,2,P,완료,0,0
38,202210001,1437,AI4003,2,P,완료,0,0
39,202210001,1109,SWCON493,3,C-,완료,0,0
40,202210001,1348,CSE443,3,A0,완료,0,0
41,202210001,1431,SWCON495,3,B+,완료,0,0
42,202210001,1347,CSE438,3,P,완료,0,0
43,202210001,8830,GED1727,5,C+,완료,0,0
44,202210002,621,AMTH1004,1,A-,완료,0,0
45,202210002,623,AMTH1009,1,B0,완료,0,0
46,202210002,400,AI1001,1,C0,완료,0,0
47,202210002,463,EE211,1,A+,완료,0,0
48,202210002,484,SWCON104,2,B-,완료,0,0
49,202210002,403,CSE103,2,A0,완료,0,0
50,202210002,511,AI1003,1,A0,완료,0,0
51,202210002,510,AI1002,2,A+,완료,0,0
52,202210002,5491,GEC1105,4,B-,완료,0,0
53,202210002,5502,GEC1105,4,C0,완료,0,0
54,202210002,5426,GEC1104,11,B0,완료,0,0
55,202210002,5359,GEC0103,11,A0,완료,0,0
56,202210002,6162,GEC1104,11,D0,완료,0,0
57,202210002,631,CSE201,1,B0,완료,0,0
58,202210002,729,SWCON253,2,A0,완료,0,0
59,202210002,721,SWCON103,2,B+,완료,0,0
60,202210002,636,CSE204,2,B0,완료,0,0
61,202210002,656,CSE340,3,B0,완료,0,0
62,202210002,809,CSE331,2,B0,완료,0,0
63,202210002,803,CSE304,2,C+,완료,0,0
64,202210002,797,CSE301,2,B0,완료,0,0
65,202210002,6629,GEC1102,11,C0,완료,0,0
66,202210002,1530,SWCON256,3,B0,완료,0,0
67,202210002,6839,GED11026,5,A0,완료,0,0
68,202210002,959,CSE305,2,B-,완료,0,0
69,202210002,934,AI3002,2,B+,완료,0,0
70,202210002,933,AI3001,2,B-,완료,0,0
71,202210002,961,CSE322,3,B-,완료,0,0
72,202210002,1417,SWCON372,3,A-,완료,0,0
73,202210002,1704,AI3102,3,A+,완료,0,0
74,202210002,1170,CSE430,3,A+,완료,0,0
75,202210002,546,CSE434,3,B+,완료,0,0
76,202210002,1114,AI3003,3,A-,완료,0,0
77,202210002,1115,AI3008,3,B0,완료,0,0
78,202210002,8283,IPE108,5,B0,완료,0,0
79,202210002,8113,GED1105,5,B+,완료,0,0
80,202210002,1330,CSE406,2,P,완료,0,0
81,202210002,1437,AI4003,2,P,완료,0,0
82,202210002,1326,CSE331,2,A0,완료,0,0
83,202210002,1298,AI3004,3,A-,완료,0,0
84,202210002,1350,CSE450,3,A+,완료,0,0
85,202210002,1347,CSE438,3,P,완료,0,0
86,202210002,1484,CSE442,3,C-,완료,0,0
87,202210002,1467,CSE405,2,B0,완료,0,0
88,202210002,1438,AI4007,3,P,완료,0,0
89,202210002,9415,GED1965,5,B0,완료,0,0
90,202210002,9517,GEE1980,6,C-,완료,0,0
91,202210002,9495,GEE1661,6,A-,완료,0,0
92,202210002,9465,GEE1344,6,B0,완료,0,0
93,202310003,621,AMTH1004,1,C+,완료,0,0
94,202310003,623,AMTH1009,1,A+,완료,0,0
95,202310003,620,AI1001,1,A+,완료,0,0
96,202310003,705,EE211,1,C0,완료,0,0
97,202310003,723,SWCON104,2,C+,완료,0,0
98,202310003,627,CSE103,2,B+,완료,0,0
99,202310003,779,AI1003,1,B+,완료,0,0
100,202310003,778,AI1002,2,A-,완료,0,0
101,202310003,6766,GEC1403,4,A0,완료,0,0
102,202310003,6624,GEC0103,11,A-,완료,0,0
103,202310003,6730,GEC1105,4,A-,완료,0,0
104,202310003,6661,GEC1102,11,A0,완료,0,0
105,202310003,7353,GEC1102,11,B+,완료,0,0
106,202310003,941,CSE201,1,B-,완료,0,0
107,202310003,1045,SWCON103,2,B-,완료,0,0
108,202310003,1053,SWCON253,2,A-,완료,0,0
109,202310003,946,CSE204,2,C0,완료,0,0
110,202310003,1148,CSE340,2,B+,완료,0,0
111,202310003,1129,CSE301,2,A-,완료,0,0
112,202310003,1144,CSE331,2,A+,완료,0,0
113,202310003,1137,CSE304,2,C+,완료,0,0
114,202310003,8011,GEC1105,4,A+,완료,0,0
115,202310003,1444,CSE203,3,C+,완료,0,0
116,202310003,8113,GED1105,5,C+,완료,0,0
117,202310003,1296,AI3001,2,B0,완료,0,0
118,202310003,1297,AI3002,2,B+,완료,0,0
119,202310003,1705,AI3103,3,A0,완료,0,0
120,202310003,1321,CSE305,3,A0,완료,0,0
121,202310003,1708,AI3107,3,A-,완료,0,0
122,202310003,1345,CSE426,3,A-,완료,0,0
123,202510004,623,AMTH1009,1,B0,완료,0,0
124,202510004,621,AMTH1004,1,A-,완료,0,0
125,202510004,1375,EE211,1,B-,완료,0,0
126,202510004,1295,AI1001,2,B0,완료,0,0
127,202510004,1393,SWCON104,2,C-,완료,0,0
128,202510004,1302,CSE103,2,A+,완료,0,0
129,202510004,1434,AI1003,1,B+,완료,0,0
130,202510004,1433,AI1002,2,B+,완료,0,0
131,202510004,9323,GEC2001,4,A-,완료,0,0
132,202510004,9202,GEC1104,11,B0,완료,0,0
133,202510004,9200,GEC1104,11,A0,완료,0,0
134,202510004,9159,GEC1102,11,A+,완료,0,0
135,202510004,9921,GEC1403,4,A-,완료,0,0
136,202510004,1584,CSE204,2,C0,완료,0,0
137,202510004,1667,SWCON253,2,A-,완료,0,0
138,202510004,1587,CSE301,2,A+,완료,0,0
139,202510004,1604,CSE340,2,B0,완료,0,0
140,202510004,9914,GEC1105,4,C+,완료,0,0
141,202410005,932,AI1001,1,B-,완료,0,0
142,202410005,623,AMTH1009,1,A-,완료,0,0
143,202410005,621,AMTH1004,1,B-,완료,0,0
144,202410005,1026,EE211,1,A0,완료,0,0
145,202410005,1047,SWCON104,2,B+,완료,0,0
146,202410005,937,CSE103,2,B0,완료,0,0
147,202410005,1113,AI1003,1,F,미이수,0,0
148,202410005,1112,AI1002,2,B+,완료,0,0
149,202410005,7919,GEC1102,11,A-,완료,0,0
150,202410005,8003,GEC1105,4,C-,완료,0,0
151,202410005,7932,GEC1104,11,A-,완료,0,0
152,202410005,8090,GEC2001,4,B+,완료,0,0
153,202410005,8718,GEC2001,4,B+,완료,0,0
154,202410005,1306,CSE201,3,B+,완료,0,0
155,202410005,1310,CSE204,2,B+,완료,0,0
156,202410005,1391,SWCON103,3,C0,완료,0,0
157,202410005,1400,SWCON253,2,B0,완료,0,0
158,202410005,1465,CSE340,2,A0,완료,0,0
159,202410005,1449,CSE301,2,B-,완료,0,0
160,202410005,1455,CSE304,2,A0,완료,0,0
161,202410005,1462,CSE331,2,B-,완료,0,0
162,202410005,9205,GEC1104,11,A0,완료,0,0
163,202410005,1530,SWCON256,3,B+,완료,0,0
164,202410005,1444,CSE203,3,A0,완료,0,0
165,202410006,932,AI1001,1,B+,완료,0,0
166,202410006,621,AMTH1004,1,A+,완료,0,0
167,202410006,623,AMTH1009,1,A0,완료,0,0
168,202410006,1026,EE211,1,A0,완료,0,0
169,202410006,1047,SWCON104,2,B0,완료,0,0
170,202410006,937,CSE103,2,C0,완료,0,0
171,202410006,1113,AI1003,1,B+,완료,0,0
172,202410006,1112,AI1002,2,C+,완료,0,0
173,202410006,7919,GEC1102,11,A-,완료,0,0
174,202410006,8015,GEC1105,4,C-,완료,0,0
175,202410006,7932,GEC1104,11,A+,완료,0,0
176,202410006,8090,GEC2001,4,C-,완료,0,0
177,202510007,623,AMTH1009,1,A-,완료,0,0
178,202510007,621,AMTH1004,1,B+,완료,0,0
179,202510007,1375,EE211,1,B0,완료,0,0
180,202510007,1393,SWCON104,2,B0,완료,0,0
181,202510007,1295,AI1001,2,A+,완료,0,0
182,202510007,1302,CSE103,2,C+,완료,0,0
183,202510007,1434,AI1003,1,B+,완료,0,0
184,202510007,1433,AI1002,2,B0,완료,0,0
185,202510007,9159,GEC1102,11,A0,완료,0,0
186,202510007,9236,GEC1105,4,C+,완료,0,0
187,202510007,9202,GEC1104,11,A+,완료,0,0
188,202510007,9200,GEC1104,11,A0,완료,0,0
189,202510007,9838,GEC1104,11,A+,완료,0,0
190,202510007,1667,SWCON253,2,B-,완료,0,0
191,202510007,1584,CSE204,2,A-,완료,0,0
192,202510007,1604,CSE340,2,A+,완료,0,0
193,202510007,1587,CSE301,2,A0,완료,0,0
194,202510007,9914,GEC1105,4,A+,완료,0,0
195,202310008,621,AMTH1004,1,B0,완료,0,0
196,202310008,620,AI1001,1,A-,완료,0,0
197,202310008,623,AMTH1009,1,B0,완료,0,0
198,202310008,705,EE211,1,A+,완료,0,0
199,202310008,723,SWCON104,2,D-,완료,0,0
200,202310008,627,CSE103,2,B0,완료,0,0
201,202310008,779,AI1003,1,B+,완료,0,0
202,202310008,778,AI1002,2,B+,완료,0,0
203,202310008,6624,GEC0103,11,A-,완료,0,0
204,202310008,6766,GEC1403,4,A+,완료,0,0
205,202310008,6661,GEC1102,11,A+,완료,0,0
206,202310008,6628,GEC1102,11,A-,완료,0,0
207,202310008,7449,GEC1105,4,C+,완료,0,0
208,202310008,941,CSE201,1,B0,완료,0,0
209,202310008,946,CSE204,2,B0,완료,0,0
210,202310008,1045,SWCON103,2,A0,완료,0,0
211,202310008,1053,SWCON253,2,D-,완료,0,0
212,202310008,950,CSE301,2,A0,완료,0,0
213,202310008,1137,CSE304,2,B+,완료,0,0
214,202310008,1148,CSE340,2,A-,완료,0,0
215,202310008,1144,CSE331,2,B0,완료,0,0
216,202310008,8011,GEC1105,4,A0,완료,0,0
217,202310008,1530,SWCON256,3,B-,완료,0,0
218,202310008,1444,CSE203,3,B-,완료,0,0
219,202310008,1297,AI3002,2,B+,완료,0,0
220,202310008,1296,AI3001,2,B+,완료,0,0
221,202310008,1345,CSE426,3,A-,완료,0,0
222,202310008,1708,AI3107,3,C+,완료,0,0
223,202310008,1109,SWCON493,3,B0,완료,0,0
224,202310008,8830,GED1727,5,B-,완료,0,0
225,202310008,546,CSE434,3,A-,완료,0,0
226,202310008,1483,CSE441,3,A+,완료,0,0
227,202310008,1436,AI3008,3,A-,완료,0,0
228,202310008,1531,SWCON302,3,P,완료,0,0
229,202310008,1435,AI3003,3,A0,완료,0,0
230,202310008,9341,GED11042,5,B0,완료,0,0
231,202310008,1607,CSE406,2,P,완료,0,0
232,202310008,1571,AI4003,2,P,완료,0,0
233,202310008,1601,CSE330,3,A+,완료,0,0
234,202310008,1623,CSE443,3,A-,완료,0,0
235,202310008,10005,GED1104,5,A+,완료,0,0
236,202310008,10134,GEE1330,6,A+,완료,0,0
237,202310008,10109,GEE11003,6,B-,완료,0,0
238,202210009,400,AI1001,1,C0,완료,0,0
239,202210009,623,AMTH1009,1,A+,완료,0,0
240,202210009,621,AMTH1004,1,C+,완료,0,0
241,202210009,463,EE211,1,B+,완료,0,0
242,202210009,484,SWCON104,2,A-,완료,0,0
243,202210009,403,CSE103,2,B0,완료,0,0
244,202210009,511,AI1003,1,B0,완료,0,0
245,202210009,510,AI1002,2,A+,완료,0,0
246,202210009,5491,GEC1105,4,B+,완료,0,0
247,202210009,5426,GEC1104,11,B+,완료,0,0
248,202210009,5359,GEC0103,11,A0,완료,0,0
249,202210009,5415,GEC1102,11,A0,완료,0,0
250,202210009,6269,GEC2001,4,A-,완료,0,0
251,202210009,631,CSE201,1,A-,완료,0,0
252,202210009,636,CSE204,2,B+,완료,0,0
253,202210009,729,SWCON253,2,A0,완료,0,0
254,202210009,721,SWCON103,2,B0,완료,0,0
255,202210009,640,CSE301,2,B0,완료,0,0
256,202210009,656,CSE340,3,B-,완료,0,0
257,202210009,809,CSE331,2,A0,완료,0,0
258,202210009,803,CSE304,2,C+,완료,0,0
259,202210009,6629,GEC1102,11,B-,완료,0,0
260,202210009,6844,GED1104,5,A+,완료,0,0
261,202210009,6857,GED1235,5,B-,완료,0,0
262,202210009,933,AI3001,2,B0,완료,0,0
263,202210009,934,AI3002,2,A0,완료,0,0
264,202210009,959,CSE305,2,B+,완료,0,0
265,202210009,1417,SWCON372,3,A+,완료,0,0
266,202210009,1706,AI3104,3,C+,완료,0,0
267,202210009,1430,SWCON494,3,A0,완료,0,0
268,202210009,1170,CSE430,3,B0,완료,0,0
269,202210009,1708,AI3107,3,A-,완료,0,0
270,202210009,1705,AI3103,3,A0,완료,0,0
271,202210009,8143,GED1501,5,A-,완료,0,0
272,202210009,8220,GEE1344,6,B0,완료,0,0
273,202210009,8214,GEE1332,6,A0,완료,0,0
274,202510010,621,AMTH1004,1,B0,완료,0,0
275,202510010,623,AMTH1009,1,A0,완료,0,0
276,202510010,1375,EE211,1,A0,완료,0,0
277,202510010,1393,SWCON104,2,A-,완료,0,0
278,202510010,1295,AI1001,2,B+,완료,0,0
279,202510010,1302,CSE103,2,A+,완료,0,0
280,202510010,1434,AI1003,1,C0,완료,0,0
281,202510010,1433,AI1002,2,B+,완료,0,0
282,202510010,9323,GEC2001,4,A-,완료,0,0
283,202510010,9236,GEC1105,4,A0,완료,0,0
284,202510010,9202,GEC1104,11,A0,완료,0,0
285,202510010,9159,GEC1102,11,A0,완료,0,0
286,202510010,9786,GEC1102,11,A+,완료,0,0
287,202510010,1584,CSE204,2,F,미이수,0,0
288,202510010,1667,SWCON253,2,A0,완료,0,0
289,202510010,1587,CSE301,2,C+,완료,0,0
290,202510010,1604,CSE340,2,B-,완료,0,0
291,202510010,9914,GEC1105,4,A-,완료,0,0
292,202410011,932,AI1001,1,A0,완료,0,0
293,202410011,621,AMTH1004,1,A0,완료,0,0
294,202410011,623,AMTH1009,1,A0,완료,0,0
295,202410011,1026,EE211,1,A+,완료,0,0
296,202410011,1047,SWCON104,2,B+,완료,0,0
297,202410011,937,CSE103,2,C+,완료,0,0
298,202410011,1113,AI1003,1,A-,완료,0,0
299,202410011,1112,AI1002,2,B+,완료,0,0
300,202410011,8090,GEC2001,4,B0,완료,0,0
301,202410011,8015,GEC1105,4,A+,완료,0,0
302,202410011,7932,GEC1104,11,B+,완료,0,0
303,202410011,7919,GEC1102,11,A0,완료,0,0
304,202410011,8708,GEC1403,4,D+,완료,0,0
305,202410011,1306,CSE201,3,B+,완료,0,0
306,202410011,1391,SWCON103,3,B+,완료,0,0
307,202410011,1400,SWCON253,2,C+,완료,0,0
308,202410011,1310,CSE204,2,B-,완료,0,0
309,202410011,1313,CSE301,2,A-,완료,0,0
310,202410011,1462,CSE331,2,B0,완료,0,0
311,202410011,1465,CSE340,2,B0,완료,0,0
312,202410011,1455,CSE304,2,A+,완료,0,0
313,202410011,9205,GEC1104,11,B-,완료,0,0
314,202410011,1530,SWCON256,3,A0,완료,0,0
315,202410011,9359,GED1225,5,D-,완료,0,0
316,202410011,1569,AI3002,2,A-,완료,0,0
317,202410011,1568,AI3001,2,A-,완료,0,0
318,202410011,1109,SWCON493,3,A0,완료,0,0
319,202410011,1805,SWCON221,3,A0,완료,0,0
320,202410011,1683,SWCON372,3,A-,완료,0,0
321,202410011,1345,CSE426,3,C+,완료,0,0
322,202410012,623,AMTH1009,1,B-,완료,0,0
323,202410012,932,AI1001,1,A-,완료,0,0
324,202410012,621,AMTH1004,1,A0,완료,0,0
325,202410012,1026,EE211,1,A0,완료,0,0
326,202410012,1047,SWCON104,2,C+,완료,0,0
327,202410012,937,CSE103,2,B+,완료,0,0
328,202410012,1113,AI1003,1,A-,완료,0,0
329,202410012,1112,AI1002,2,B+,완료,0,0
330,202410012,8015,GEC1105,4,C0,완료,0,0
331,202410012,7919,GEC1102,11,A-,완료,0,0
332,202410012,8003,GEC1105,4,A0,완료,0,0
333,202410012,7932,GEC1104,11,B0,완료,0,0
334,202410012,8700,GEC1403,4,B0,완료,0,0
335,202410012,1306,CSE201,3,A-,완료,0,0
336,202410012,1400,SWCON253,2,D+,완료,0,0
337,202410012,1310,CSE204,2,A-,완료,0,0
338,202410012,1391,SWCON103,3,A+,완료,0,0
339,202410012,1465,CSE340,2,A0,완료,0,0
340,202410013,623,AMTH1009,1,C+,완료,0,0
341,202410013,621,AMTH1004,1,A+,완료,0,0
342,202410013,932,AI1001,1,C0,완료,0,0
343,202410013,1026,EE211,1,B+,완료,0,0
344,202410013,1047,SWCON104,2,B+,완료,0,0
345,202410013,937,CSE103,2,A-,완료,0,0
346,202410013,1113,AI1003,1,A+,완료,0,0
347,202410013,1112,AI1002,2,C+,완료,0,0
348,202410013,8003,GEC1105,4,B+,완료,0,0
349,202410013,8090,GEC2001,4,B0,완료,0,0
350,202410013,7932,GEC1104,11,B0,완료,0,0
351,202410013,7919,GEC1102,11,A0,완료,0,0
352,202410013,8718,GEC2001,4,A+,완료,0,0
353,202410013,1306,CSE201,3,C0,완료,0,0
354,202410013,1391,SWCON103,3,B+,완료,0,0
355,202410013,1310,CSE204,2,B+,완료,0,0
356,202410013,1400,SWCON253,2,B+,완료,0,0
357,202410013,1313,CSE301,2,A0,완료,0,0
358,202410013,1465,CSE340,2,B+,완료,0,0
359,202410013,1455,CSE304,2,A+,완료,0,0
360,202410013,1462,CSE331,2,B+,완료,0,0
361,202410013,9205,GEC1104,11,A0,완료,0,0
362,202410013,9328,GED11016,5,D0,완료,0,0
363,202410013,9418,GED1987,5,B-,완료,0,0
364,202410013,1568,AI3001,2,B-,완료,0,0
365,202410013,1569,AI3002,2,B-,완료,0,0
366,202410013,1597,CSE324,3,C+,완료,0,0
367,202410013,1693,SWCON491,3,A-,완료,0,0
368,202410013,1683,SWCON372,3,B-,완료,0,0
369,202410013,1602,CSE331,2,B+,완료,0,0
370,202310014,620,AI1001,1,A0,완료,0,0
371,202310014,623,AMTH1009,1,B+,완료,0,0
372,202310014,621,AMTH1004,1,A-,완료,0,0
373,202310014,705,EE211,1,A-,완료,0,0
374,202310014,723,SWCON104,2,C+,완료,0,0
375,202310014,627,CSE103,2,B0,완료,0,0
376,202310014,779,AI1003,1,A+,완료,0,0
377,202310014,778,AI1002,2,C+,완료,0,0
378,202310014,6661,GEC1102,11,A-,완료,0,0
379,202310014,6730,GEC1105,4,B-,완료,0,0
380,202310014,6628,GEC1102,11,A+,완료,0,0
381,202310014,6766,GEC1403,4,A0,완료,0,0
382,202310014,7454,GEC1403,4,B+,완료,0,0
383,202310014,941,CSE201,1,B0,완료,0,0
384,202310014,1053,SWCON253,2,A0,완료,0,0
385,202310014,1045,SWCON103,2,B0,완료,0,0
386,202310014,946,CSE204,2,A0,완료,0,0
387,202310014,950,CSE301,2,B0,완료,0,0
388,202310015,623,AMTH1009,1,B+,완료,0,0
389,202310015,620,AI1001,1,A-,완료,0,0
390,202310015,621,AMTH1004,1,B+,완료,0,0
391,202310015,705,EE211,1,C0,완료,0,0
392,202310015,723,SWCON104,2,B+,완료,0,0
393,202310015,627,CSE103,2,B+,완료,0,0
394,202310015,779,AI1003,1,B0,완료,0,0
395,202310015,778,AI1002,2,C+,완료,0,0
396,202310015,6628,GEC1102,11,B-,완료,0,0
397,202310015,6624,GEC0103,11,B+,완료,0,0
398,202310015,6730,GEC1105,4,A0,완료,0,0
399,202310015,6661,GEC1102,11,B+,완료,0,0
400,202310015,7417,GEC1105,4,A0,완료,0,0
401,202310015,941,CSE201,1,C0,완료,0,0
402,202310015,946,CSE204,2,A-,완료,0,0
403,202310015,1053,SWCON253,2,B+,완료,0,0
404,202310015,1045,SWCON103,2,A-,완료,0,0
405,202310015,950,CSE301,2,A+,완료,0,0
406,202310015,1148,CSE340,2,B0,완료,0,0
407,202310015,1144,CSE331,2,A-,완료,0,0
408,202310015,1137,CSE304,2,B0,완료,0,0
409,202310015,8011,GEC1105,4,C+,완료,0,0
410,202310015,8156,GED1663,5,B+,완료,0,0
411,202310015,8124,GED1240,5,A-,완료,0,0
412,202310015,1296,AI3001,2,B0,완료,0,0
413,202310015,1297,AI3002,2,A0,완료,0,0
414,202310015,1430,SWCON494,3,A0,완료,0,0
415,202310015,1417,SWCON372,3,A-,완료,0,0
416,202310015,1708,AI3107,3,B0,완료,0,0
417,202310015,1704,AI3102,3,A+,완료,0,0
418,202510016,623,AMTH1009,1,A+,완료,0,0
419,202510016,621,AMTH1004,1,A0,완료,0,0
420,202510016,1375,EE211,1,B-,완료,0,0
421,202510016,1295,AI1001,2,C-,완료,0,0
422,202510016,1393,SWCON104,2,A+,완료,0,0
423,202510016,1302,CSE103,2,B+,완료,0,0
424,202510016,1434,AI1003,1,A0,완료,0,0
425,202510016,1433,AI1002,2,A-,완료,0,0
426,202510016,9236,GEC1105,4,B+,완료,0,0
427,202510016,9202,GEC1104,11,B0,완료,0,0
428,202510016,9200,GEC1104,11,C0,완료,0,0
429,202510016,9323,GEC2001,4,A-,완료,0,0
430,202510017,621,AMTH1004,1,C0,완료,0,0
431,202510017,623,AMTH1009,1,B0,완료,0,0
432,202510017,1375,EE211,1,B0,완료,0,0
433,202510017,1295,AI1001,2,B+,완료,0,0
434,202510017,1393,SWCON104,2,B-,완료,0,0
435,202510017,1302,CSE103,2,B+,완료,0,0
436,202510017,1434,AI1003,1,A+,완료,0,0
437,202510017,1433,AI1002,2,B-,완료,0,0
438,202510017,9202,GEC1104,11,B+,완료,0,0
439,202510017,9323,GEC2001,4,B+,완료,0,0
440,202510017,9236,GEC1105,4,B+,완료,0,0
441,202510017,9200,GEC1104,11,A-,완료,0,0
442,202510017,9885,GEC1105,4,A0,완료,0,0
443,202510017,1667,SWCON253,2,B+,완료,0,0
444,202510017,1584,CSE204,2,B+,완료,0,0
445,202510017,1604,CSE340,2,A-,완료,0,0
446,202510017,1587,CSE301,2,B+,완료,0,0
447,202510017,9914,GEC1105,4,A0,완료,0,0
448,202410018,623,AMTH1009,1,A-,완료,0,0
449,202410018,932,AI1001,1,A-,완료,0,0
450,202410018,621,AMTH1004,1,A0,완료,0,0
451,202410018,1026,EE211,1,A0,완료,0,0
452,202410018,1047,SWCON104,2,A+,완료,0,0
453,202410018,937,CSE103,2,B-,완료,0,0
454,202410018,1113,AI1003,1,A-,완료,0,0
455,202410018,1112,AI1002,2,B+,완료,0,0
456,202410018,8003,GEC1105,4,A-,완료,0,0
457,202410018,8090,GEC2001,4,A0,완료,0,0
458,202410018,8015,GEC1105,4,B0,완료,0,0
459,202410018,7932,GEC1104,11,A-,완료,0,0
460,202410018,8588,GEC1104,11,B0,완료,0,0
461,202410018,1306,CSE201,3,B0,완료,0,0
462,202410018,1310,CSE204,2,A0,완료,0,0
463,202410018,1400,SWCON253,2,B0,완료,0,0
464,202410018,1391,SWCON103,3,A0,완료,0,0
465,202410018,1313,CSE301,2,A+,완료,0,0
466,202410018,1465,CSE340,2,A0,완료,0,0
467,202410018,1462,CSE331,2,B-,완료,0,0
468,202410018,1455,CSE304,2,F,미이수,0,0
469,202410018,9205,GEC1104,11,A-,완료,0,0
470,202410018,1444,CSE203,3,B-,완료,0,0
471,202410018,9355,GED1215,5,A-,완료,0,0
472,202410018,1568,AI3001,2,A+,완료,0,0
473,202410018,1569,AI3002,2,A-,완료,0,0
474,202410018,1694,SWCON494,3,B-,완료,0,0
475,202410018,1598,CSE327,3,B+,완료,0,0
476,202410018,1738,CSE322,3,D0,완료,0,0
477,202410018,1594,CSE305,3,B+,완료,0,0
478,202310019,620,AI1001,1,C+,완료,0,0
479,202310019,621,AMTH1004,1,A-,완료,0,0
480,202310019,623,AMTH1009,1,B0,완료,0,0
481,202310019,705,EE211,1,B-,완료,0,0
482,202310019,723,SWCON104,2,A0,완료,0,0
483,202310019,627,CSE103,2,A0,완료,0,0
484,202310019,779,AI1003,1,A+,완료,0,0
485,202310019,778,AI1002,2,D-,완료,0,0
486,202310019,6661,GEC1102,11,A0,완료,0,0
487,202310019,6624,GEC0103,11,A0,완료,0,0
488,202310019,6628,GEC1102,11,B-,완료,0,0
489,202310019,6766,GEC1403,4,C-,완료,0,0
490,202310019,7449,GEC1105,4,B+,완료,0,0
491,202310019,941,CSE201,1,A0,완료,0,0
492,202310019,946,CSE204,2,A+,완료,0,0
493,202310019,1045,SWCON103,2,A0,완료,0,0
494,202310019,1053,SWCON253,2,B+,완료,0,0
495,202310019,950,CSE301,2,B+,완료,0,0
496,202310019,1137,CSE304,2,C+,완료,0,0
497,202310019,1148,CSE340,2,A-,완료,0,0
498,202310019,1144,CSE331,2,C0,완료,0,0
499,202310019,8011,GEC1105,4,A+,완료,0,0
500,202310019,1530,SWCON256,3,B-,완료,0,0
501,202310019,8120,GED1217,5,B-,완료,0,0
502,202310019,1297,AI3002,2,B0,완료,0,0
503,202310019,1296,AI3001,2,A0,완료,0,0
504,202310019,1346,CSE428,3,B0,완료,0,0
505,202310019,1398,SWCON221,3,F,미이수,0,0
506,202310019,8793,GED1337,5,D+,완료,0,0
507,202310019,8847,GED1992,5,B-,완료,0,0
508,202310019,1435,AI3003,3,B+,완료,0,0
509,202310019,1531,SWCON302,3,P,완료,0,0
510,202310019,546,CSE434,3,B-,완료,0,0
511,202310019,9517,GEE1980,6,B+,완료,0,0
512,202310019,9495,GEE1661,6,A0,완료,0,0
513,202310019,9472,GEE1615,6,A-,완료,0,0
514,202410020,621,AMTH1004,1,A+,완료,0,0
515,202410020,623,AMTH1009,1,C+,완료,0,0
516,202410020,932,AI1001,1,B+,완료,0,0
517,202410020,1026,EE211,1,B0,완료,0,0
518,202410020,1047,SWCON104,2,A0,완료,0,0
519,202410020,937,CSE103,2,A-,완료,0,0
520,202410020,1113,AI1003,1,A-,완료,0,0
521,202410020,1112,AI1002,2,B0,완료,0,0
522,202410020,8003,GEC1105,4,B0,완료,0,0
523,202410020,7919,GEC1102,11,C+,완료,0,0
524,202410020,8015,GEC1105,4,C+,완료,0,0
525,202410020,8090,GEC2001,4,A-,완료,0,0
526,202410020,8732,GEC2001,4,A0,완료,0,0
527,202410020,1306,CSE201,3,B+,완료,0,0
528,202410020,1391,SWCON103,3,D-,완료,0,0
529,202410020,1310,CSE204,2,A+,완료,0,0
530,202410020,1400,SWCON253,2,A-,완료,0,0
531,202410020,1313,CSE301,2,B-,완료,0,0
532,202410021,623,AMTH1009,1,B+,완료,0,0
533,202410021,621,AMTH1004,1,B0,완료,0,0
534,202410021,932,AI1001,1,C0,완료,0,0
535,202410021,1026,EE211,1,B+,완료,0,0
536,202410021,1047,SWCON104,2,B+,완료,0,0
537,202410021,937,CSE103,2,B0,완료,0,0
538,202410021,1113,AI1003,1,A-,완료,0,0
539,202410021,1112,AI1002,2,B-,완료,0,0
540,202410021,7932,GEC1104,11,A0,완료,0,0
541,202410021,8015,GEC1105,4,B0,완료,0,0
542,202410021,7919,GEC1102,11,B0,완료,0,0
543,202410021,8003,GEC1105,4,A0,완료,0,0
544,202410021,8700,GEC1403,4,A+,완료,0,0
545,202410021,1306,CSE201,3,A0,완료,0,0
546,202410021,1400,SWCON253,2,A-,완료,0,0
547,202410021,1310,CSE204,2,C+,완료,0,0
548,202410021,1391,SWCON103,3,C0,완료,0,0
549,202410021,1313,CSE301,2,A-,완료,0,0
550,202510022,621,AMTH1004,1,A+,완료,0,0
551,202510022,623,AMTH1009,1,C0,완료,0,0
552,202510022,1375,EE211,1,A+,완료,0,0
553,202510022,1393,SWCON104,2,A-,완료,0,0
554,202510022,1295,AI1001,2,A+,완료,0,0
555,202510022,1302,CSE103,2,A-,완료,0,0
556,202510022,1434,AI1003,1,B+,완료,0,0
557,202510022,1433,AI1002,2,A+,완료,0,0
558,202510022,9323,GEC2001,4,B-,완료,0,0
559,202510022,9200,GEC1104,11,B0,완료,0,0
560,202510022,9236,GEC1105,4,A+,완료,0,0
561,202510022,9159,GEC1102,11,A0,완료,0,0
562,202510022,9924,GEC1403,4,C+,완료,0,0
563,202510022,1584,CSE204,2,A0,완료,0,0
564,202510022,1667,SWCON253,2,B+,완료,0,0
565,202510022,1604,CSE340,2,A+,완료,0,0
566,202510022,1587,CSE301,2,A+,완료,0,0
567,202510022,10051,GED1466,5,B+,완료,0,0
568,202510023,621,AMTH1004,1,B-,완료,0,0
569,202510023,623,AMTH1009,1,B+,완료,0,0
570,202510023,1375,EE211,1,A-,완료,0,0
571,202510023,1295,AI1001,2,A0,완료,0,0
572,202510023,1393,SWCON104,2,B+,완료,0,0
573,202510023,1302,CSE103,2,B+,완료,0,0
574,202510023,1434,AI1003,1,A+,완료,0,0
575,202510023,1433,AI1002,2,B+,완료,0,0
576,202510023,9159,GEC1102,11,B0,완료,0,0
577,202510023,9200,GEC1104,11,A+,완료,0,0
578,202510023,9202,GEC1104,11,B0,완료,0,0
579,202510023,9236,GEC1105,4,D-,완료,0,0
580,202510023,9838,GEC1104,11,B-,완료,0,0
581,202510023,1584,CSE204,2,B+,완료,0,0
582,202510023,1667,SWCON253,2,B+,완료,0,0
583,202510023,1587,CSE301,2,B+,완료,0,0
584,202510023,1604,CSE340,2,B0,완료,0,0
585,202510023,9914,GEC1105,4,A-,완료,0,0
586,202410024,623,AMTH1009,1,C-,완료,0,0
587,202410024,932,AI1001,1,A0,완료,0,0
588,202410024,621,AMTH1004,1,A-,완료,0,0
589,202410024,1026,EE211,1,B+,완료,0,0
590,202410024,1047,SWCON104,2,C0,완료,0,0
591,202410024,937,CSE103,2,B+,완료,0,0
592,202410024,1113,AI1003,1,A+,완료,0,0
593,202410024,1112,AI1002,2,B0,완료,0,0
594,202410024,7919,GEC1102,11,C0,완료,0,0
595,202410024,8003,GEC1105,4,B0,완료,0,0
596,202410024,8015,GEC1105,4,A0,완료,0,0
597,202410024,8090,GEC2001,4,B0,완료,0,0
598,202410024,8732,GEC2001,4,C0,완료,0,0
599,202410024,1306,CSE201,3,A-,완료,0,0
600,202410024,1391,SWCON103,3,B0,완료,0,0
601,202410024,1400,SWCON253,2,A-,완료,0,0
602,202410024,1310,CSE204,2,B0,완료,0,0
603,202410024,1465,CSE340,2,D+,완료,0,0
604,202410024,1449,CSE301,2,B0,완료,0,0
605,202410024,1462,CSE331,2,C0,완료,0,0
606,202410024,1455,CSE304,2,B0,완료,0,0
607,202410024,9205,GEC1104,11,A-,완료,0,0
608,202410024,9404,GED1819,5,A+,완료,0,0
609,202410024,9338,GED11030,5,B0,완료,0,0
610,202310025,620,AI1001,1,A0,완료,0,0
611,202310025,623,AMTH1009,1,B0,완료,0,0
612,202310025,621,AMTH1004,1,A0,완료,0,0
613,202310025,705,EE211,1,B-,완료,0,0
614,202310025,723,SWCON104,2,A0,완료,0,0
615,202310025,627,CSE103,2,A+,완료,0,0
616,202310025,779,AI1003,1,B0,완료,0,0
617,202310025,778,AI1002,2,B0,완료,0,0
618,202310025,6730,GEC1105,4,D0,완료,0,0
619,202310025,6766,GEC1403,4,A0,완료,0,0
620,202310025,6624,GEC0103,11,A+,완료,0,0
621,202310025,6661,GEC1102,11,B0,완료,0,0
622,202310025,7353,GEC1102,11,C+,완료,0,0
623,202310025,941,CSE201,1,A+,완료,0,0
624,202310025,946,CSE204,2,C+,완료,0,0
625,202310025,1053,SWCON253,2,B+,완료,0,0
626,202310025,1045,SWCON103,2,F,미이수,0,0
627,202310025,950,CSE301,2,B+,완료,0,0
628,202310025,1137,CSE304,2,A0,완료,0,0
629,202310025,1144,CSE331,2,B+,완료,0,0
630,202310025,1148,CSE340,2,A+,완료,0,0
631,202310025,8011,GEC1105,4,D0,완료,0,0
632,202310025,8143,GED1501,5,A+,완료,0,0
633,202310025,8124,GED1240,5,B+,완료,0,0
634,202310025,1296,AI3001,2,A0,완료,0,0
635,202310025,1297,AI3002,2,B0,완료,0,0
636,202310025,1706,AI3104,3,A+,완료,0,0
637,202310025,1346,CSE428,3,B+,완료,0,0
638,202310025,1430,SWCON494,3,A0,완료,0,0
639,202310025,1708,AI3107,3,B0,완료,0,0
640,202310025,1312,CSE224,3,A-,완료,0,0
641,202310025,1531,SWCON302,3,P,완료,0,0
642,202310025,546,CSE434,3,B0,완료,0,0
643,202310025,1537,SWCON331,3,C+,완료,0,0
644,202310025,1460,CSE327,3,A+,완료,0,0
645,202310025,1707,AI3105,3,C+,완료,0,0
646,202310025,1607,CSE406,2,P,완료,0,0
647,202310025,1571,AI4003,2,P,완료,0,0
648,202310025,1693,SWCON491,3,B0,완료,0,0
649,202310025,1602,CSE331,2,A+,완료,0,0
650,202310025,1763,CSE442,3,C-,완료,0,0
651,202310025,1625,CSE450,3,B0,완료,0,0
652,202310025,1572,AI4006,3,C+,완료,0,0
653,202310026,620,AI1001,1,B-,완료,0,0
654,202310026,623,AMTH1009,1,A0,완료,0,0
655,202310026,621,AMTH1004,1,B-,완료,0,0
656,202310026,705,EE211,1,D+,완료,0,0
657,202310026,723,SWCON104,2,A-,완료,0,0
658,202310026,627,CSE103,2,C0,완료,0,0
659,202310026,779,AI1003,1,A-,완료,0,0
660,202310026,778,AI1002,2,B+,완료,0,0
661,202310026,6766,GEC1403,4,B0,완료,0,0
662,202310026,6624,GEC0103,11,B-,완료,0,0
663,202310026,6628,GEC1102,11,A+,완료,0,0
664,202310026,6730,GEC1105,4,A0,완료,0,0
665,202310026,7519,GEC2001,4,B0,완료,0,0
666,202310026,941,CSE201,1,C+,완료,0,0
667,202310026,946,CSE204,2,A-,완료,0,0
668,202310026,1053,SWCON253,2,B+,완료,0,0
669,202310026,1045,SWCON103,2,B0,완료,0,0
670,202310026,1148,CSE340,2,A0,완료,0,0
671,202510027,621,AMTH1004,1,A-,완료,0,0
672,202510027,623,AMTH1009,1,A+,완료,0,0
673,202510027,1375,EE211,1,C+,완료,0,0
674,202510027,1295,AI1001,2,C-,완료,0,0
675,202510027,1393,SWCON104,2,C-,완료,0,0
676,202510027,1302,CSE103,2,A-,완료,0,0
677,202510027,1434,AI1003,1,A+,완료,0,0
678,202510027,1433,AI1002,2,A0,완료,0,0
679,202510027,9200,GEC1104,11,B+,완료,0,0
680,202510027,9159,GEC1102,11,B0,완료,0,0
681,202510027,9323,GEC2001,4,A-,완료,0,0
682,202510027,9202,GEC1104,11,B+,완료,0,0
683,202510028,623,AMTH1009,1,B+,완료,0,0
684,202510028,621,AMTH1004,1,A+,완료,0,0
685,202510028,1375,EE211,1,B-,완료,0,0
686,202510028,1393,SWCON104,2,F,미이수,0,0
687,202510028,1295,AI1001,2,C+,완료,0,0
688,202510028,1302,CSE103,2,A+,완료,0,0
689,202510028,1434,AI1003,1,B+,완료,0,0
690,202510028,1433,AI1002,2,B+,완료,0,0
691,202510028,9159,GEC1102,11,B+,완료,0,0
692,202510028,9200,GEC1104,11,B+,완료,0,0
693,202510028,9236,GEC1105,4,B+,완료,0,0
694,202510028,9323,GEC2001,4,A0,완료,0,0
695,202510028,9924,GEC1403,4,B+,완료,0,0
696,202510028,1667,SWCON253,2,B-,완료,0,0
697,202510028,1584,CSE204,2,B0,완료,0,0
698,202510028,1604,CSE340,2,A-,완료,0,0
699,202510028,1587,CSE301,2,A-,완료,0,0
700,202510028,10009,GED11081,5,F,미이수,0,0
701,202210029,623,AMTH1009,1,B0,완료,0,0
702,202210029,400,AI1001,1,C+,완료,0,0
703,202210029,621,AMTH1004,1,A-,완료,0,0
704,202210029,463,EE211,1,C+,완료,0,0
705,202210029,484,SWCON104,2,C+,완료,0,0
706,202210029,403,CSE103,2,A0,완료,0,0
707,202210029,511,AI1003,1,R,재수강전,0,1
708,202210029,510,AI1002,2,B0,완료,0,0
709,202210029,5415,GEC1102,11,B-,완료,0,0
710,202210029,5426,GEC1104,11,B0,완료,0,0
711,202210029,5502,GEC1105,4,C0,완료,0,0
712,202210029,5491,GEC1105,4,A0,완료,0,0
713,202210029,6056,GEC0103,11,A0,완료,0,0
714,202210029,631,CSE201,1,B-,완료,0,0
715,202210029,636,CSE204,2,A+,완료,0,0
716,202210029,729,SWCON253,2,B+,완료,0,0
717,202210029,721,SWCON103,2,A-,완료,0,0
718,202210029,656,CSE340,3,A0,완료,0,0
719,202210029,797,CSE301,2,A-,완료,0,0
720,202210029,809,CSE331,2,B0,완료,0,0
721,202210029,803,CSE304,2,B0,완료,0,0
722,202210029,6629,GEC1102,11,R,재수강전,0,1
723,202210029,6862,GED1301,5,B0,완료,0,0
724,202210029,6857,GED1235,5,B+,완료,0,0
725,202210029,933,AI3001,2,A0,완료,0,0
726,202210029,959,CSE305,2,C+,완료,0,0
727,202210029,934,AI3002,2,A0,완료,0,0
728,202210029,1417,SWCON372,3,A-,완료,0,0
729,202210029,1000,CSE428,3,A0,완료,0,0
730,202210029,999,CSE426,3,B-,완료,0,0
731,202210029,1170,CSE430,3,C0,완료,0,0
732,202210029,1148,CSE340,2,A-,완료,0,0
733,202210029,1115,AI3008,3,A-,완료,0,0
734,202210029,546,CSE434,3,C0,완료,0,0
735,202210029,8199,GEE11037,6,A+,완료,0,0
736,202210029,8220,GEE1344,6,A0,완료,0,0
737,202210029,1330,CSE406,2,P,완료,0,0
738,202210029,1437,AI4003,2,P,완료,0,0
739,202210029,1296,AI3001,2,B-,완료,0,0
740,202210029,1298,AI3004,3,B0,완료,0,0
741,202210029,1430,SWCON494,3,A0,완료,0,0
742,202210029,1299,AI4006,3,P,완료,0,0
743,202210029,8954,GEE1952,6,A-,완료,0,0
744,202210029,1467,CSE405,2,A+,완료,0,0
745,202210029,1434,AI1003,1,A+,완료,1,0
746,202210029,9205,GEC1104,11,A-,완료,1,0
747,202210030,623,AMTH1009,1,B0,완료,0,0
748,202210030,400,AI1001,1,A-,완료,0,0
749,202210030,621,AMTH1004,1,C-,완료,0,0
750,202210030,463,EE211,1,B+,완료,0,0
751,202210030,484,SWCON104,2,A+,완료,0,0
752,202210030,403,CSE103,2,R,재수강전,0,1
753,202210030,511,AI1003,1,R,재수강전,0,1
754,202210030,510,AI1002,2,A-,완료,0,0
755,202210030,5359,GEC0103,11,A-,완료,0,0
756,202210030,5426,GEC1104,11,A0,완료,0,0
757,202210030,5502,GEC1105,4,R,재수강전,0,1
758,202210030,5415,GEC1102,11,C+,완료,0,0
759,202210030,6149,GEC1104,11,C+,완료,0,0
760,202210030,631,CSE201,1,B+,완료,0,0
761,202210030,729,SWCON253,2,B+,완료,0,0
762,202210030,721,SWCON103,2,C+,완료,0,0
763,202210030,636,CSE204,2,B+,완료,0,0
764,202210030,640,CSE301,2,B+,완료,0,0
765,202210030,803,CSE304,2,B+,완료,0,0
766,202210030,809,CSE331,2,B0,완료,0,0
767,202210030,656,CSE340,3,B+,완료,0,0
768,202210030,6629,GEC1102,11,A0,완료,0,0
769,202210030,1530,SWCON256,3,A-,완료,0,0
770,202210030,1444,CSE203,3,C0,완료,0,0
771,202210030,934,AI3002,2,A0,완료,0,0
772,202210030,933,AI3001,2,A0,완료,0,0
773,202210030,959,CSE305,2,A+,완료,0,0
774,202210030,1704,AI3102,3,B+,완료,0,0
775,202210030,1107,SWCON491,3,A+,완료,0,0
776,202210030,961,CSE322,3,B0,완료,0,0
777,202210030,546,CSE434,3,B0,완료,0,0
778,202210030,1246,SWCON331,3,A0,완료,0,0
779,202210030,1170,CSE430,3,D+,완료,0,0
780,202210030,8141,GED1466,5,C+,완료,0,0
781,202210030,8144,GED1502,5,A0,완료,0,0
782,202210030,8143,GED1501,5,A0,완료,0,0
783,202210030,1330,CSE406,2,P,완료,0,0
784,202210030,1437,AI4003,2,P,완료,0,0
785,202210030,1430,SWCON494,3,B0,완료,0,0
786,202210030,1417,SWCON372,3,C+,완료,0,0
787,202210030,1298,AI3004,3,D+,완료,0,0
788,202210030,1347,CSE438,3,P,완료,0,0
789,202210030,8954,GEE1952,6,B+,완료,0,0
790,202210030,1467,CSE405,2,A-,완료,0,0
791,202210030,9495,GEE1661,6,B0,완료,0,0
792,202210030,9498,GEE1671,6,B0,완료,0,0
793,202210030,1439,CSE103,2,A+,완료,1,0
794,202210030,1434,AI1003,1,A+,완료,1,0
795,202210030,9200,GEC1104,11,B-,완료,1,0
796,202510031,623,AMTH1009,1,B0,완료,0,0
797,202510031,621,AMTH1004,1,A-,완료,0,0
798,202510031,1375,EE211,1,B0,완료,0,0
799,202510031,1295,AI1001,2,A0,완료,0,0
800,202510031,1393,SWCON104,2,B-,완료,0,0
801,202510031,1302,CSE103,2,B+,완료,0,0
802,202510031,1434,AI1003,1,A-,완료,0,0
803,202510031,1433,AI1002,2,A-,완료,0,0
804,202510031,9236,GEC1105,4,B-,완료,0,0
805,202510031,9200,GEC1104,11,A-,완료,0,0
806,202510031,9202,GEC1104,11,A-,완료,0,0
807,202510031,9159,GEC1102,11,A+,완료,0,0
808,202410032,932,AI1001,1,A-,완료,0,0
809,202410032,623,AMTH1009,1,C-,완료,0,0
810,202410032,621,AMTH1004,1,A0,완료,0,0
811,202410032,1026,EE211,1,A0,완료,0,0
812,202410032,1047,SWCON104,2,A0,완료,0,0
813,202410032,937,CSE103,2,B0,완료,0,0
814,202410032,1113,AI1003,1,B-,완료,0,0
815,202410032,1112,AI1002,2,B0,완료,0,0
816,202410032,7919,GEC1102,11,A0,완료,0,0
817,202410032,8003,GEC1105,4,B0,완료,0,0
818,202410032,8090,GEC2001,4,A+,완료,0,0
819,202410032,7932,GEC1104,11,B0,완료,0,0
820,202210033,623,AMTH1009,1,B0,완료,0,0
821,202210033,400,AI1001,1,C+,완료,0,0
822,202210033,621,AMTH1004,1,B0,완료,0,0
823,202210033,463,EE211,1,F,미이수,0,0
824,202210033,484,SWCON104,2,C+,완료,0,0
825,202210033,403,CSE103,2,A0,완료,0,0
826,202210033,511,AI1003,1,A0,완료,0,0
827,202210033,510,AI1002,2,C0,완료,0,0
828,202210033,5359,GEC0103,11,A+,완료,0,0
829,202210033,5502,GEC1105,4,C0,완료,0,0
830,202210033,5491,GEC1105,4,B+,완료,0,0
831,202210033,5415,GEC1102,11,A+,완료,0,0
832,202210033,6063,GEC0103,11,A+,완료,0,0
833,202210033,631,CSE201,1,D+,완료,0,0
834,202210033,729,SWCON253,2,A-,완료,0,0
835,202210033,721,SWCON103,2,B+,완료,0,0
836,202210033,636,CSE204,2,A-,완료,0,0
837,202210033,656,CSE340,3,C+,완료,0,0
838,202210033,809,CSE331,2,B0,완료,0,0
839,202210033,797,CSE301,2,A0,완료,0,0
840,202210033,803,CSE304,2,B-,완료,0,0
841,202210033,6629,GEC1102,11,B0,완료,0,0
842,202210033,6889,GED1544,5,B-,완료,0,0
843,202210033,6862,GED1301,5,A0,완료,0,0
844,202210033,934,AI3002,2,B0,완료,0,0
845,202210033,959,CSE305,2,B0,완료,0,0
846,202210033,933,AI3001,2,B+,완료,0,0
847,202210033,1417,SWCON372,3,A0,완료,0,0
848,202210033,1705,AI3103,3,B+,완료,0,0
849,202210033,1109,SWCON493,3,B-,완료,0,0
850,202210034,621,AMTH1004,1,B0,완료,0,0
851,202210034,623,AMTH1009,1,C+,완료,0,0
852,202210034,400,AI1001,1,B+,완료,0,0
853,202210034,463,EE211,1,A-,완료,0,0
854,202210034,484,SWCON104,2,A0,완료,0,0
855,202210034,403,CSE103,2,A0,완료,0,0
856,202210034,511,AI1003,1,A-,완료,0,0
857,202210034,510,AI1002,2,A-,완료,0,0
858,202210034,5502,GEC1105,4,B-,완료,0,0
859,202210034,5415,GEC1102,11,A+,완료,0,0
860,202210034,5426,GEC1104,11,A+,완료,0,0
861,202210034,5359,GEC0103,11,A-,완료,0,0
862,202210034,6149,GEC1104,11,A0,완료,0,0
863,202210034,631,CSE201,1,A0,완료,0,0
864,202210034,729,SWCON253,2,A0,완료,0,0
865,202210034,721,SWCON103,2,A+,완료,0,0
866,202210034,636,CSE204,2,C+,완료,0,0
867,202210034,656,CSE340,3,A+,완료,0,0
868,202210034,803,CSE304,2,B0,완료,0,0
869,202210034,809,CSE331,2,A-,완료,0,0
870,202210034,797,CSE301,2,B0,완료,0,0
871,202210034,6629,GEC1102,11,A+,완료,0,0
872,202210034,6934,GED1959,5,C+,완료,0,0
873,202210034,6857,GED1235,5,A+,완료,0,0
874,202210034,933,AI3001,2,A0,완료,0,0
875,202210034,959,CSE305,2,A+,완료,0,0
876,202210034,934,AI3002,2,B+,완료,0,0
877,202210034,1109,SWCON493,3,B+,완료,0,0
878,202210034,999,CSE426,3,B+,완료,0,0
879,202210034,1430,SWCON494,3,B0,완료,0,0
880,202210035,621,AMTH1004,1,B-,완료,0,0
881,202210035,400,AI1001,1,C0,완료,0,0
882,202210035,623,AMTH1009,1,B+,완료,0,0
883,202210035,463,EE211,1,A-,완료,0,0
884,202210035,484,SWCON104,2,A-,완료,0,0
885,202210035,403,CSE103,2,C-,완료,0,0
886,202210035,511,AI1003,1,A+,완료,0,0
887,202210035,510,AI1002,2,A0,완료,0,0
888,202210035,5415,GEC1102,11,C0,완료,0,0
889,202210035,5502,GEC1105,4,A-,완료,0,0
890,202210035,5491,GEC1105,4,A0,완료,0,0
891,202210035,5426,GEC1104,11,A0,완료,0,0
892,202210035,6056,GEC0103,11,A0,완료,0,0
893,202210035,631,CSE201,1,C+,완료,0,0
894,202210035,721,SWCON103,2,A0,완료,0,0
895,202210035,729,SWCON253,2,B-,완료,0,0
896,202210035,636,CSE204,2,B0,완료,0,0
897,202210035,640,CSE301,2,A0,완료,0,0
898,202210035,803,CSE304,2,A0,완료,0,0
899,202210035,809,CSE331,2,B+,완료,0,0
900,202210035,656,CSE340,3,B+,완료,0,0
901,202210035,6629,GEC1102,11,A-,완료,0,0
902,202210035,1530,SWCON256,3,A+,완료,0,0
903,202210035,1444,CSE203,3,A+,완료,0,0
904,202210035,933,AI3001,2,A+,완료,0,0
905,202210035,959,CSE305,2,B0,완료,0,0
906,202210035,934,AI3002,2,A+,완료,0,0
907,202210035,1707,AI3105,3,C+,완료,0,0
908,202210035,1298,AI3004,3,A0,완료,0,0
909,202210035,1706,AI3104,3,C+,완료,0,0
910,202210035,1703,AI3100,3,A-,완료,0,0
911,202210035,8144,GED1502,5,B-,완료,0,0
912,202210035,8156,GED1663,5,A+,완료,0,0
913,202210035,8230,GEE1613,6,A-,완료,0,0
914,202210035,8220,GEE1344,6,B-,완료,0,0
915,202210035,8194,GEE11004,6,B+,완료,0,0
916,202210035,1330,CSE406,2,P,완료,0,0
917,202210035,1437,AI4003,2,P,완료,0,0
918,202210035,1323,CSE322,3,A-,완료,0,0
919,202210035,1326,CSE331,2,A-,완료,0,0
920,202210035,962,CSE324,3,A0,완료,0,0
921,202210035,1417,SWCON372,3,A+,완료,0,0
922,202210035,1350,CSE450,3,A0,완료,0,0
923,202310036,621,AMTH1004,1,A0,완료,0,0
924,202310036,620,AI1001,1,A0,완료,0,0
925,202310036,623,AMTH1009,1,A-,완료,0,0
926,202310036,705,EE211,1,B+,완료,0,0
927,202310036,723,SWCON104,2,A0,완료,0,0
928,202310036,627,CSE103,2,B+,완료,0,0
929,202310036,779,AI1003,1,B+,완료,0,0
930,202310036,778,AI1002,2,B-,완료,0,0
931,202310036,6624,GEC0103,11,A-,완료,0,0
932,202310036,6661,GEC1102,11,A+,완료,0,0
933,202310036,6628,GEC1102,11,C0,완료,0,0
934,202310036,6766,GEC1403,4,A0,완료,0,0
935,202310036,7449,GEC1105,4,B0,완료,0,0
936,202310036,941,CSE201,1,A-,완료,0,0
937,202310036,946,CSE204,2,A-,완료,0,0
938,202310036,1045,SWCON103,2,A-,완료,0,0
939,202310036,1053,SWCON253,2,A-,완료,0,0
940,202310036,1148,CSE340,2,B0,완료,0,0
941,202310036,1144,CSE331,2,C-,완료,0,0
942,202310036,1137,CSE304,2,B-,완료,0,0
943,202310036,1129,CSE301,2,B-,완료,0,0
944,202310036,8011,GEC1105,4,A-,완료,0,0
945,202310036,8126,GED1301,5,B0,완료,0,0
946,202310036,8144,GED1502,5,B0,완료,0,0
947,202310036,1297,AI3002,2,B+,완료,0,0
948,202310036,1296,AI3001,2,B0,완료,0,0
949,202310036,1345,CSE426,3,A0,완료,0,0
950,202310036,1707,AI3105,3,A+,완료,0,0
951,202310036,1705,AI3103,3,A+,완료,0,0
952,202310036,1703,AI3100,3,B0,완료,0,0
953,202310036,1312,CSE224,3,A0,완료,0,0
954,202310036,1460,CSE327,3,A-,완료,0,0
955,202310036,9389,GED1628,5,B0,완료,0,0
956,202310036,9495,GEE1661,6,B+,완료,0,0
957,202310036,9517,GEE1980,6,B+,완료,0,0
958,202310036,9465,GEE1344,6,C+,완료,0,0
959,202310036,1607,CSE406,2,P,완료,0,0
960,202310036,1571,AI4003,2,P,완료,0,0
961,202310036,1602,CSE331,2,B-,완료,0,0
962,202310036,1693,SWCON491,3,B0,완료,0,0
963,202310036,1597,CSE324,3,A+,완료,0,0
964,202310036,1738,CSE322,3,A0,완료,0,0
965,202310036,1623,CSE443,3,B+,완료,0,0
966,202310037,620,AI1001,1,B-,완료,0,0
967,202310037,623,AMTH1009,1,B-,완료,0,0
968,202310037,621,AMTH1004,1,C0,완료,0,0
969,202310037,705,EE211,1,A+,완료,0,0
970,202310037,723,SWCON104,2,B0,완료,0,0
971,202310037,627,CSE103,2,B+,완료,0,0
972,202310037,779,AI1003,1,A+,완료,0,0
973,202310037,778,AI1002,2,A0,완료,0,0
974,202310037,6661,GEC1102,11,B+,완료,0,0
975,202310037,6628,GEC1102,11,B0,완료,0,0
976,202310037,6766,GEC1403,4,A0,완료,0,0
977,202310037,6730,GEC1105,4,C+,완료,0,0
978,202310037,7454,GEC1403,4,C0,완료,0,0
979,202310037,941,CSE201,1,B-,완료,0,0
980,202310037,1053,SWCON253,2,C+,완료,0,0
981,202310037,946,CSE204,2,B0,완료,0,0
982,202310037,1045,SWCON103,2,A0,완료,0,0
983,202310037,1148,CSE340,2,B-,완료,0,0
984,202310037,1129,CSE301,2,A0,완료,0,0
985,202310037,1144,CSE331,2,C0,완료,0,0
986,202310037,1137,CSE304,2,B0,완료,0,0
987,202310037,8011,GEC1105,4,B+,완료,0,0
988,202310037,8133,GED1358,5,A+,완료,0,0
989,202310037,8103,GED11020,5,A0,완료,0,0
990,202310037,1296,AI3001,2,C0,완료,0,0
991,202310037,1297,AI3002,2,A0,완료,0,0
992,202310037,1417,SWCON372,3,B-,완료,0,0
993,202310037,1346,CSE428,3,A0,완료,0,0
994,202310037,1348,CSE443,3,B0,완료,0,0
995,202310037,8843,GED1873,5,A-,완료,0,0
996,202310037,1435,AI3003,3,A-,완료,0,0
997,202310037,546,CSE434,3,B+,완료,0,0
998,202310037,1436,AI3008,3,C-,완료,0,0
999,202310037,1312,CSE224,3,A+,완료,0,0
1000,202310037,1481,CSE430,3,B+,완료,0,0
1001,202310037,1537,SWCON331,3,A-,완료,0,0
1002,202310037,1607,CSE406,2,P,완료,0,0
1003,202310037,1571,AI4003,2,P,완료,0,0
1004,202310037,1572,AI4006,3,B-,완료,0,0
1005,202310037,1683,SWCON372,3,B-,완료,0,0
1006,202310037,1625,CSE450,3,F,미이수,0,0
1007,202310037,1622,CSE438,3,P,완료,0,0
1008,202310037,10141,GEE1333,6,B0,완료,0,0
1009,202310038,620,AI1001,1,A0,완료,0,0
1010,202310038,621,AMTH1004,1,A+,완료,0,0
1011,202310038,623,AMTH1009,1,A+,완료,0,0
1012,202310038,705,EE211,1,B0,완료,0,0
1013,202310038,723,SWCON104,2,C-,완료,0,0
1014,202310038,627,CSE103,2,A0,완료,0,0
1015,202310038,779,AI1003,1,B0,완료,0,0
1016,202310038,778,AI1002,2,A-,완료,0,0
1017,202310038,6661,GEC1102,11,B+,완료,0,0
1018,202310038,6628,GEC1102,11,C0,완료,0,0
1019,202310038,6766,GEC1403,4,B-,완료,0,0
1020,202310038,6730,GEC1105,4,B0,완료,0,0
1021,202310038,7454,GEC1403,4,B+,완료,0,0
1022,202310038,941,CSE201,1,A0,완료,0,0
1023,202310038,1045,SWCON103,2,A+,완료,0,0
1024,202310038,946,CSE204,2,C+,완료,0,0
1025,202310038,1053,SWCON253,2,B+,완료,0,0
1026,202310038,1148,CSE340,2,C-,완료,0,0
1027,202310038,1137,CSE304,2,A0,완료,0,0
1028,202310038,1129,CSE301,2,A0,완료,0,0
1029,202310038,1144,CSE331,2,B0,완료,0,0
1030,202310038,8011,GEC1105,4,B+,완료,0,0
1031,202310038,8115,GED1113,5,A0,완료,0,0
1032,202310038,8124,GED1240,5,A0,완료,0,0
1033,202310038,1296,AI3001,2,A-,완료,0,0
1034,202310038,1297,AI3002,2,A+,완료,0,0
1035,202310038,1321,CSE305,3,C+,완료,0,0
1036,202310038,1705,AI3103,3,A0,완료,0,0
1037,202310038,1346,CSE428,3,A-,완료,0,0
1038,202310038,1345,CSE426,3,A+,완료,0,0
1039,202210039,623,AMTH1009,1,A-,완료,0,0
1040,202210039,400,AI1001,1,B-,완료,0,0
1041,202210039,621,AMTH1004,1,B+,완료,0,0
1042,202210039,463,EE211,1,A-,완료,0,0
1043,202210039,484,SWCON104,2,B0,완료,0,0
1044,202210039,403,CSE103,2,A0,완료,0,0
1045,202210039,511,AI1003,1,A-,완료,0,0
1046,202210039,510,AI1002,2,B0,완료,0,0
1047,202210039,5359,GEC0103,11,F,미이수,0,0
1048,202210039,5491,GEC1105,4,A0,완료,0,0
1049,202210039,5502,GEC1105,4,B0,완료,0,0
1050,202210039,5426,GEC1104,11,A+,완료,0,0
1051,202210039,6162,GEC1104,11,B+,완료,0,0
1052,202210039,631,CSE201,1,A+,완료,0,0
1053,202210039,636,CSE204,2,B+,완료,0,0
1054,202210039,721,SWCON103,2,B0,완료,0,0
1055,202210039,729,SWCON253,2,A+,완료,0,0
1056,202210039,640,CSE301,2,A+,완료,0,0
1057,202210039,809,CSE331,2,B-,완료,0,0
1058,202210039,656,CSE340,3,A-,완료,0,0
1059,202210039,803,CSE304,2,A0,완료,0,0
1060,202210039,6629,GEC1102,11,A0,완료,0,0
1061,202210039,1530,SWCON256,3,A0,완료,0,0
1062,202210039,6867,GED1346,5,A0,완료,0,0
1063,202210039,959,CSE305,2,A+,완료,0,0
1064,202210039,933,AI3001,2,C+,완료,0,0
1065,202210039,934,AI3002,2,C0,완료,0,0
1066,202210039,1051,SWCON221,3,A0,완료,0,0
1067,202210039,965,CSE331,3,B-,완료,0,0
1068,202210039,1706,AI3104,3,B0,완료,0,0
1069,202210039,546,CSE434,3,A-,완료,0,0
1070,202210039,949,CSE224,3,B+,완료,0,0
1071,202210039,1114,AI3003,3,A0,완료,0,0
1072,202210039,1246,SWCON331,3,A+,완료,0,0
1073,202210039,1170,CSE430,3,B-,완료,0,0
1074,202210039,1705,AI3103,3,B-,완료,0,0
1075,202210039,1330,CSE406,2,P,완료,0,0
1076,202210039,1437,AI4003,2,P,완료,0,0
1077,202210039,1348,CSE443,3,C+,완료,0,0
1078,202210039,1430,SWCON494,3,B0,완료,0,0
1079,202210039,1347,CSE438,3,P,완료,0,0
1080,202210039,1298,AI3004,3,B+,완료,0,0
1081,202210039,1296,AI3001,2,B-,완료,0,0
1082,202210039,1467,CSE405,2,A0,완료,0,0
1083,202210039,9415,GED1965,5,B0,완료,0,0
1084,202210039,9389,GED1628,5,A-,완료,0,0
1085,202210039,9517,GEE1980,6,C0,완료,0,0
1086,202210039,9495,GEE1661,6,A+,완료,0,0
1087,202210039,9510,GEE1961,6,A0,완료,0,0
1088,202210040,400,AI1001,1,B-,완료,0,0
1089,202210040,623,AMTH1009,1,A0,완료,0,0
1090,202210040,621,AMTH1004,1,A+,완료,0,0
1091,202210040,463,EE211,1,C+,완료,0,0
1092,202210040,484,SWCON104,2,D+,완료,0,0
1093,202210040,403,CSE103,2,C0,완료,0,0
1094,202210040,511,AI1003,1,C+,완료,0,0
1095,202210040,510,AI1002,2,A+,완료,0,0
1096,202210040,5491,GEC1105,4,A-,완료,0,0
1097,202210040,5359,GEC0103,11,A+,완료,0,0
1098,202210040,5415,GEC1102,11,A+,완료,0,0
1099,202210040,5502,GEC1105,4,B+,완료,0,0
1100,202210040,6063,GEC0103,11,B+,완료,0,0
1101,202210040,631,CSE201,1,A+,완료,0,0
1102,202210040,636,CSE204,2,C+,완료,0,0
1103,202210040,721,SWCON103,2,B0,완료,0,0
1104,202210040,729,SWCON253,2,C+,완료,0,0
1105,202210040,640,CSE301,2,B+,완료,0,0
1106,202210040,803,CSE304,2,A0,완료,0,0
1107,202210040,809,CSE331,2,A0,완료,0,0
1108,202210040,656,CSE340,3,B-,완료,0,0
1109,202210040,6629,GEC1102,11,B+,완료,0,0
1110,202210040,1444,CSE203,3,C+,완료,0,0
1111,202210040,6917,GED1860,5,B-,완료,0,0
1112,202210040,959,CSE305,2,B+,완료,0,0
1113,202210040,934,AI3002,2,B-,완료,0,0
1114,202210040,933,AI3001,2,A0,완료,0,0
1115,202210040,1051,SWCON221,3,B+,완료,0,0
1116,202210040,961,CSE322,3,B0,완료,0,0
1117,202210040,962,CSE324,3,A+,완료,0,0
1118,202210040,1229,SWCON302,3,P,완료,0,0
1119,202210040,546,CSE434,3,A-,완료,0,0
1120,202210040,1707,AI3105,3,A0,완료,0,0
1121,202210040,1704,AI3102,3,B-,완료,0,0
1122,202210040,1708,AI3107,3,B0,완료,0,0
1123,202210040,8126,GED1301,5,D0,완료,0,0
1124,202210040,1330,CSE406,2,P,완료,0,0
1125,202210040,1437,AI4003,2,P,완료,0,0
1126,202210040,1417,SWCON372,3,C+,완료,0,0
1127,202210040,1347,CSE438,3,P,완료,0,0
1128,202210040,1430,SWCON494,3,A0,완료,0,0
1129,202210040,8793,GED1337,5,A0,완료,0,0
1130,202210040,8786,GED1235,5,A-,완료,0,0
1131,202410103,935,CSE0001,7,P,완료,0,0
1132,202410103,940,CSE104,3,B+,완료,0,0
1133,202410103,7353,GEC1102,11,A-,완료,0,0
1134,202410103,7449,GEC1105,4,B0,완료,0,0
1135,202410103,7454,GEC1403,4,A0,완료,0,0
1136,202410103,1117,CSE103,2,A0,완료,0,0
1137,202410103,7919,GEC1102,11,A0,완료,0,0
1138,202410103,8113,GED1105,5,B+,완료,0,0
1139,202410103,8143,GED1501,5,B0,완료,0,0
1140,202410103,1306,CSE201,3,B+,완료,0,0
1141,202410103,1312,CSE224,3,B0,완료,0,0
1142,202410103,8700,GEC1403,4,A0,완료,0,0
1143,202410103,8843,GED1873,5,B+,완료,0,0
1144,202410103,8786,GED1235,5,A-,완료,0,0
1145,202410103,1446,CSE204,2,A-,완료,0,0
1146,202410103,9205,GEC1104,11,A0,완료,0,0
1147,202410103,9415,GED1965,5,B+,완료,0,0
1148,202410103,9341,GED11042,5,A-,완료,0,0
1149,202410103,9472,GEE1615,6,B0,완료,0,0
1150,202410103,1587,CSE301,2,B+,완료,0,0
1151,202410103,1598,CSE327,2,A0,완료,0,0
1152,202410103,1603,CSE335,3,A-,완료,0,0
1153,202410103,1604,CSE340,3,B0,완료,0,0
1154,202610105,1574,CSE0001,7,P,완료,0,0
1155,202610105,1578,CSE103,2,A0,완료,0,0
1156,202610105,1581,CSE201,3,B+,완료,0,0
1157,202610105,9838,GEC1104,11,B+,완료,0,0
1158,202610105,9924,GEC1403,4,A-,완료,0,0
1159,202610105,9921,GEC1403,4,B0,완료,0,0
1160,202410203,1045,SWCON103,2,A0,완료,0,0
1161,202410203,7353,GEC1102,11,A-,완료,0,0
1162,202410203,7449,GEC1105,4,B0,완료,0,0
1163,202410203,7454,GEC1403,4,A0,완료,0,0
1164,202410203,1212,SWCON101,2,B+,완료,0,0
1165,202410203,1218,SWCON104,2,B+,완료,0,0
1166,202410203,8283,IPE108,5,A-,완료,0,0
1167,202410203,8113,GED1105,5,B0,완료,0,0
1168,202410203,8156,GED1663,5,A0,완료,0,0
1169,202410203,1397,SWCON201,2,A0,완료,0,0
1170,202410203,1398,SWCON221,3,B+,완료,0,0
1171,202410203,1400,SWCON253,3,A-,완료,0,0
1172,202410203,8843,GED1873,5,B0,완료,0,0
1173,202410203,8786,GED1235,5,A0,완료,0,0
1174,202410203,1523,SWCON211,3,B+,완료,0,0
1175,202410203,1524,SWCON212,3,A-,완료,0,0
1176,202410203,1531,SWCON302,2,B0,완료,0,0
1177,202410203,9323,GEC2001,4,A0,완료,0,0
1178,202410203,9415,GED1965,5,B+,완료,0,0
1179,202410203,1670,SWCON311,3,A-,완료,0,0
1180,202410203,1672,SWCON321,3,B+,완료,0,0
1181,202410203,1677,SWCON341,3,A0,완료,0,0
1182,202410203,1680,SWCON366,3,B0,완료,0,0
1183,202610205,1659,SWCON103,2,A0,완료,0,0
1184,202610205,1662,SWCON104,2,B+,완료,0,0
1185,202610205,9838,GEC1104,11,A-,완료,0,0
1186,202610205,9924,GEC1403,4,B+,완료,0,0
1187,202610205,10005,GED1104,5,B0,완료,0,0
1188,202610205,9921,GEC1403,4,A0,완료,0,0
