source_course_code,source_course_name,source_offering_id,source_year,source_semester,target_course_code,target_course_name,target_offering_id,target_year,target_semester,target_category_id,affected_enrollment_count,duplicate_risk_count,replacement_reason
HC1003,빅뱅에서문명까지,1838,2022,2,GEC1105,성찰과표현,5502,2022,2,4,9,0,deterministic random assignment; same year/semester/category; seed=20260929
HC1101,성찰과표현,1839,2022,2,GEC0103,빅뱅에서문명까지,5359,2022,2,11,8,0,deterministic random assignment; same year/semester/category; seed=20260929
HC1201,대학영어,1840,2022,2,GEC1105,성찰과표현,5491,2022,2,4,8,0,deterministic random assignment; same year/semester/category; seed=20260929
HC1001,인간의가치탐색,1841,2022,2,GEC1102,인간의가치탐색,5415,2022,2,11,8,0,deterministic random assignment; same year/semester/category; seed=20260929
HC1002,세계와시민,1842,2023,1,GEC0103,빅뱅에서문명까지,6063,2023,1,11,3,0,deterministic random assignment; same year/semester/category; seed=20260929
HC1102,주제연구,1843,2023,2,GEC1102,인간의가치탐색,6629,2023,2,11,10,0,deterministic random assignment; same year/semester/category; seed=20260929
GD1403,평화와공존,1844,2023,2,GED11026,근대의시선과공간:뮤지엄과엑스포,6839,2023,2,5,2,0,deterministic random assignment; same year/semester/category; seed=20260929
GD1102,생명과학의세계,1845,2025,1,GED1727,미래사회와도시계획,8830,2025,1,5,2,0,deterministic random assignment; same year/semester/category; seed=20260929
HC1002,세계와시민,1846,2022,2,GEC1104,세계와시민,5426,2022,2,11,7,0,deterministic random assignment; same year/semester/category; seed=20260929
HC1001,인간의가치탐색,1847,2023,1,GEC1104,세계와시민,6162,2023,1,11,2,0,deterministic random assignment; same year/semester/category; seed=20260929
GD1501,소프트웨어적사유,1848,2024,2,IPE108,4차산업의이해와IOT기술 활용과분석,8283,2024,2,5,2,0,deterministic random assignment; same year/semester/category; seed=20260929
GD1302,문화인류학,1849,2024,2,GED1105,몸의발견,8113,2024,2,5,4,0,deterministic random assignment; same year/semester/category; seed=20260929
GD1102,생명과학의세계,1850,2025,2,GED1965,마녀사냥:그광기의역사,9415,2025,2,5,4,0,deterministic random assignment; same year/semester/category; seed=20260929
SW1002,기초코딩,1851,2025,2,GEE1980,소프트웨어개발자를위한C프로그래밍,9517,2025,2,6,4,0,deterministic random assignment; same year/semester/category; seed=20260929
SW1001,컴퓨팅사고,1852,2025,2,GEE1661,행복한여가를위한야외활동,9495,2025,2,6,5,0,deterministic random assignment; same year/semester/category; seed=20260929
GF1002,창업과도전,1853,2025,2,GEE1344,앱인벤터로배우는코딩세상,9465,2025,2,6,2,0,deterministic random assignment; same year/semester/category; seed=20260929
HC1201,대학영어,1854,2023,2,GEC1403,대학영어,6766,2023,2,4,9,0,deterministic random assignment; same year/semester/category; seed=20260929
HC1101,성찰과표현,1855,2023,2,GEC0103,빅뱅에서문명까지,6624,2023,2,11,7,0,deterministic random assignment; same year/semester/category; seed=20260929
HC1002,세계와시민,1856,2023,2,GEC1105,성찰과표현,6730,2023,2,4,7,0,deterministic random assignment; same year/semester/category; seed=20260929
HC1003,빅뱅에서문명까지,1857,2023,2,GEC1102,인간의가치탐색,6661,2023,2,11,9,0,deterministic random assignment; same year/semester/category; seed=20260929
HC1001,인간의가치탐색,1858,2024,1,GEC1102,인간의가치탐색,7353,2024,1,11,4,0,deterministic random assignment; same year/semester/category; seed=20260929
HC1102,주제연구,1859,2024,2,GEC1105,성찰과표현,8011,2024,2,4,8,0,deterministic random assignment; same year/semester/category; seed=20260929
HC1201,대학영어,1860,2025,2,GEC2001,주제연구,9323,2025,2,4,8,0,deterministic random assignment; same year/semester/category; seed=20260929
HC1101,성찰과표현,1861,2025,2,GEC1104,세계와시민,9202,2025,2,11,8,0,deterministic random assignment; same year/semester/category; seed=20260929
HC1003,빅뱅에서문명까지,1862,2025,2,GEC1104,세계와시민,9200,2025,2,11,10,0,deterministic random assignment; same year/semester/category; seed=20260929
HC1001,인간의가치탐색,1863,2025,2,GEC1102,인간의가치탐색,9159,2025,2,11,8,0,deterministic random assignment; same year/semester/category; seed=20260929
HC1002,세계와시민,1864,2026,1,GEC1403,대학영어,9921,2026,1,4,3,0,deterministic random assignment; same year/semester/category; seed=20260929
HC1102,주제연구,1865,2026,1,GEC1105,성찰과표현,9914,2026,1,4,5,0,deterministic random assignment; same year/semester/category; seed=20260929
HC1201,대학영어,1866,2024,2,GEC1102,인간의가치탐색,7919,2024,2,11,10,0,deterministic random assignment; same year/semester/category; seed=20260929
HC1101,성찰과표현,1867,2024,2,GEC1105,성찰과표현,8003,2024,2,4,8,0,deterministic random assignment; same year/semester/category; seed=20260929
HC1002,세계와시민,1868,2024,2,GEC1104,세계와시민,7932,2024,2,11,8,0,deterministic random assignment; same year/semester/category; seed=20260929
HC1003,빅뱅에서문명까지,1869,2024,2,GEC2001,주제연구,8090,2024,2,4,8,0,deterministic random assignment; same year/semester/category; seed=20260929
HC1001,인간의가치탐색,1870,2025,1,GEC2001,주제연구,8718,2025,1,4,2,0,deterministic random assignment; same year/semester/category; seed=20260929
HC1102,주제연구,1871,2025,2,GEC1104,세계와시민,9205,2025,2,11,7,0,deterministic random assignment; same year/semester/category; seed=20260929
HC1001,인간의가치탐색,1872,2024,2,GEC1105,성찰과표현,8015,2024,2,4,7,0,deterministic random assignment; same year/semester/category; seed=20260929
HC1002,세계와시민,1873,2025,2,GEC1105,성찰과표현,9236,2025,2,4,8,0,deterministic random assignment; same year/semester/category; seed=20260929
HC1201,대학영어,1874,2026,1,GEC1104,세계와시민,9838,2026,1,11,4,0,deterministic random assignment; same year/semester/category; seed=20260929
HC1001,인간의가치탐색,1875,2023,2,GEC1102,인간의가치탐색,6628,2023,2,11,8,0,deterministic random assignment; same year/semester/category; seed=20260929
HC1002,세계와시민,1876,2024,1,GEC1105,성찰과표현,7449,2024,1,4,5,0,deterministic random assignment; same year/semester/category; seed=20260929
GD1303,미디어와소통,1877,2025,2,GED11042,"미래,기술,경영",9341,2025,2,5,2,0,deterministic random assignment; same year/semester/category; seed=20260929
GD1201,논리와비판적사고,1878,2026,1,GED1104,몸과생명,10005,2026,1,5,2,0,deterministic random assignment; same year/semester/category; seed=20260929
SW1002,기초코딩,1879,2026,1,GEE1330,글로벌세미나,10134,2026,1,6,1,0,deterministic random assignment; same year/semester/category; seed=20260929
GF1005,스포츠와건강,1880,2026,1,GEE11003,기초러시아어,10109,2026,1,6,1,0,deterministic random assignment; same year/semester/category; seed=20260929
HC1003,빅뱅에서문명까지,1881,2023,1,GEC2001,주제연구,6269,2023,1,4,1,0,deterministic random assignment; same year/semester/category; seed=20260929
GD1203,통계와사회,1882,2023,2,GED1104,몸과생명,6844,2023,2,5,1,0,deterministic random assignment; same year/semester/category; seed=20260929
GD1301,예술의이해,1883,2023,2,GED1235,하천문화의이해와르네상스,6857,2023,2,5,3,0,deterministic random assignment; same year/semester/category; seed=20260929
GD1402,경제학의이해,1884,2024,2,GED1501,On Justice,8143,2024,2,5,4,0,deterministic random assignment; same year/semester/category; seed=20260929
SW1001,컴퓨팅사고,1885,2024,2,GEE1344,앱인벤터로배우는코딩세상,8220,2024,2,6,3,0,deterministic random assignment; same year/semester/category; seed=20260929
GF1005,스포츠와건강,1886,2024,2,GEE1332,후마니타스세미나,8214,2024,2,6,1,0,deterministic random assignment; same year/semester/category; seed=20260929
HC1003,빅뱅에서문명까지,1887,2026,1,GEC1102,인간의가치탐색,9786,2026,1,11,1,0,deterministic random assignment; same year/semester/category; seed=20260929
HC1101,성찰과표현,1888,2025,1,GEC1403,대학영어,8708,2025,1,4,1,0,deterministic random assignment; same year/semester/category; seed=20260929
GD1403,평화와공존,1889,2025,2,GED1225,현대사회와과학,9359,2025,2,5,1,0,deterministic random assignment; same year/semester/category; seed=20260929
HC1003,빅뱅에서문명까지,1890,2025,1,GEC1403,대학영어,8700,2025,1,4,3,0,deterministic random assignment; same year/semester/category; seed=20260929
GD1501,소프트웨어적사유,1891,2025,2,GED11016,운동과건강,9328,2025,2,5,1,0,deterministic random assignment; same year/semester/category; seed=20260929
GD1103,인간과유전,1892,2025,2,GED1987,문명감염그리고진화,9418,2025,2,5,1,0,deterministic random assignment; same year/semester/category; seed=20260929
HC1101,성찰과표현,1893,2024,1,GEC1403,대학영어,7454,2024,1,4,5,0,deterministic random assignment; same year/semester/category; seed=20260929
HC1201,대학영어,1894,2024,1,GEC1105,성찰과표현,7417,2024,1,4,1,0,deterministic random assignment; same year/semester/category; seed=20260929
GD1202,수리적사고,1895,2024,2,GED1663,시민생활과법,8156,2024,2,5,3,0,deterministic random assignment; same year/semester/category; seed=20260929
GD1503,데이터와사회,1896,2024,2,GED1240,우주:별을잊은그대에게,8124,2024,2,5,3,0,deterministic random assignment; same year/semester/category; seed=20260929
HC1001,인간의가치탐색,1897,2026,1,GEC1105,성찰과표현,9885,2026,1,4,1,0,deterministic random assignment; same year/semester/category; seed=20260929
HC1201,대학영어,1898,2025,1,GEC1104,세계와시민,8588,2025,1,11,1,0,deterministic random assignment; same year/semester/category; seed=20260929
GD1203,통계와사회,1899,2025,2,GED1215,원자의춤,9355,2025,2,5,1,0,deterministic random assignment; same year/semester/category; seed=20260929
GD1303,미디어와소통,1900,2024,2,GED1217,인간과생활속의로봇,8120,2024,2,5,1,0,deterministic random assignment; same year/semester/category; seed=20260929
GD1201,논리와비판적사고,1901,2025,1,GED1337,불교와정신분석학,8793,2025,1,5,2,0,deterministic random assignment; same year/semester/category; seed=20260929
GD1403,평화와공존,1902,2025,1,GED1992,전기와자기의만남,8847,2025,1,5,1,0,deterministic random assignment; same year/semester/category; seed=20260929
GF1003,교양중국어,1903,2025,2,GEE1615,배드민턴,9472,2025,2,6,2,0,deterministic random assignment; same year/semester/category; seed=20260929
HC1002,세계와시민,1904,2025,1,GEC2001,주제연구,8732,2025,1,4,2,0,deterministic random assignment; same year/semester/category; seed=20260929
HC1101,성찰과표현,1905,2026,1,GEC1403,대학영어,9924,2026,1,4,4,0,deterministic random assignment; same year/semester/category; seed=20260929
GD1403,평화와공존,1906,2026,1,GED1466,기술혁신과전략의융합,10051,2026,1,5,1,0,deterministic random assignment; same year/semester/category; seed=20260929
GD1201,논리와비판적사고,1907,2025,2,GED1819,고전읽기:프로이트,9404,2025,2,5,1,0,deterministic random assignment; same year/semester/category; seed=20260929
GD1503,데이터와사회,1908,2025,2,GED11030,생활속의금융,9338,2025,2,5,1,0,deterministic random assignment; same year/semester/category; seed=20260929
HC1003,빅뱅에서문명까지,1909,2024,1,GEC2001,주제연구,7519,2024,1,4,1,0,deterministic random assignment; same year/semester/category; seed=20260929
GD1302,문화인류학,1910,2026,1,GED11081,이동의자유와원격사회,10009,2026,1,5,1,0,deterministic random assignment; same year/semester/category; seed=20260929
HC1101,성찰과표현,1911,2023,1,GEC0103,빅뱅에서문명까지,6056,2023,1,11,2,0,deterministic random assignment; same year/semester/category; seed=20260929
GD1502,미래사회와기술,1912,2023,2,GED1301,가면의축제:동서양연희의문명사,6862,2023,2,5,2,0,deterministic random assignment; same year/semester/category; seed=20260929
GF1002,창업과도전,1913,2024,2,GEE11037,합창의재발견,8199,2024,2,6,1,0,deterministic random assignment; same year/semester/category; seed=20260929
SW1002,기초코딩,1914,2025,1,GEE1952,전공탐색및기업가정신세미나,8954,2025,1,6,2,0,deterministic random assignment; same year/semester/category; seed=20260929
HC1201,대학영어,1915,2023,1,GEC1104,세계와시민,6149,2023,1,11,2,0,deterministic random assignment; same year/semester/category; seed=20260929
GD1203,통계와사회,1916,2024,2,GED1466,기술혁신과전략의융합,8141,2024,2,5,1,0,deterministic random assignment; same year/semester/category; seed=20260929
GD1301,예술의이해,1917,2024,2,GED1502,SF영화의상상력:미래의평화와윤리,8144,2024,2,5,3,0,deterministic random assignment; same year/semester/category; seed=20260929
GF1006,글로벌리더십,1918,2025,2,GEE1671,운동과체중관리,9498,2025,2,6,1,0,deterministic random assignment; same year/semester/category; seed=20260929
GD1102,생명과학의세계,1919,2023,2,GED1544,생명의언어,6889,2023,2,5,1,0,deterministic random assignment; same year/semester/category; seed=20260929
GD1501,소프트웨어적사유,1920,2023,2,GED1959,기초스페인어,6934,2023,2,5,1,0,deterministic random assignment; same year/semester/category; seed=20260929
GF1003,교양중국어,1921,2024,2,GEE1613,레크레이션,8230,2024,2,6,1,0,deterministic random assignment; same year/semester/category; seed=20260929
SW1002,기초코딩,1922,2024,2,GEE11004,기초프랑스어,8194,2024,2,6,1,0,deterministic random assignment; same year/semester/category; seed=20260929
GD1101,우주의이해,1923,2024,2,GED1301,가면의축제:동서양연희의문명사,8126,2024,2,5,2,0,deterministic random assignment; same year/semester/category; seed=20260929
GD1402,경제학의이해,1924,2025,2,GED1628,황하와장강:중국역사의발자취,9389,2025,2,5,2,0,deterministic random assignment; same year/semester/category; seed=20260929
GD1502,미래사회와기술,1925,2024,2,GED1358,명작에취하다:예술 감상법,8133,2024,2,5,1,0,deterministic random assignment; same year/semester/category; seed=20260929
GD1102,생명과학의세계,1926,2024,2,GED11020,청춘을위한영화예찬,8103,2024,2,5,1,0,deterministic random assignment; same year/semester/category; seed=20260929
GD1401,시민사회와정치,1927,2025,1,GED1873,하이쿠의세계,8843,2025,1,5,3,0,deterministic random assignment; same year/semester/category; seed=20260929
SW1001,컴퓨팅사고,1928,2026,1,GEE1333,독립연구1,10141,2026,1,6,1,0,deterministic random assignment; same year/semester/category; seed=20260929
GD1201,논리와비판적사고,1929,2024,2,GED1113,스마트식생활과건강,8115,2024,2,5,1,0,deterministic random assignment; same year/semester/category; seed=20260929
GD1302,문화인류학,1930,2023,2,GED1346,매체와메시지:미디어의이해,6867,2023,2,5,1,0,deterministic random assignment; same year/semester/category; seed=20260929
GF1004,봉사와나눔,1931,2025,2,GEE1961,한국어의이해4,9510,2025,2,6,1,0,deterministic random assignment; same year/semester/category; seed=20260929
GD1401,시민사회와정치,1932,2023,2,GED1860,국가폭력과트라우마,6917,2023,2,5,1,0,deterministic random assignment; same year/semester/category; seed=20260929
GD1503,데이터와사회,1933,2025,1,GED1235,하천문화의이해와르네상스,8786,2025,1,5,3,0,deterministic random assignment; same year/semester/category; seed=20260929
