offering_id,course_code,course_name,target_year,year,semester,section,campus,capacity,industry_required,english_type,delivery_mode,schedule_status,schedule_note
1838,HC1003,빅뱅에서문명까지,1,2022,2,01,국제,45,0,NONE,OFFLINE,SCHEDULED,SIMULATED; source_offering_id=9; 월수 13:30; 공학관101
1839,HC1101,성찰과표현,1,2022,2,01,국제,45,0,NONE,OFFLINE,SCHEDULED,SIMULATED; source_offering_id=10; 월수 13:30; 공학관101
1840,HC1201,대학영어,1,2022,2,01,국제,45,0,NONE,OFFLINE,SCHEDULED,SIMULATED; source_offering_id=11; 화목 9:00; 전정관305
1841,HC1001,인간의가치탐색,1,2022,2,01,국제,40,0,NONE,OFFLINE,SCHEDULED,SIMULATED; source_offering_id=12; 월수 13:30; 공학관202
1842,HC1002,세계와시민,1,2023,1,02,국제,45,0,NONE,OFFLINE,SCHEDULED,SIMULATED; source_offering_id=13; 화목 13:30; 전정관412
1843,HC1102,주제연구,2,2023,2,01,국제,30,0,NONE,OFFLINE,SCHEDULED,SIMULATED; source_offering_id=22; 화목 9:00; 공학관101
1844,GD1403,평화와공존,1,2023,2,01,국제,40,0,NONE,OFFLINE,SCHEDULED,SIMULATED; source_offering_id=24; 월수 10:30; 공학관202
1845,GD1102,생명과학의세계,1,2025,1,02,국제,45,0,NONE,OFFLINE,SCHEDULED,SIMULATED; source_offering_id=43; 화목 10:30; 전정관412
1846,HC1002,세계와시민,1,2022,2,01,국제,30,0,NONE,OFFLINE,SCHEDULED,SIMULATED; source_offering_id=44; 월수 13:30; 전정관412
1847,HC1001,인간의가치탐색,1,2023,1,02,국제,45,0,NONE,OFFLINE,SCHEDULED,SIMULATED; source_offering_id=45; 월수 10:30; 전정관201
1848,GD1501,소프트웨어적사유,1,2024,2,01,국제,35,0,NONE,OFFLINE,SCHEDULED,SIMULATED; source_offering_id=50; 금 9:00; 전정관305
1849,GD1302,문화인류학,1,2024,2,01,국제,35,0,NONE,OFFLINE,SCHEDULED,SIMULATED; source_offering_id=51; 월수 9:00; 전정관201
1850,GD1102,생명과학의세계,1,2025,2,01,국제,45,0,NONE,OFFLINE,SCHEDULED,SIMULATED; source_offering_id=58; 화목 10:30; 공학관101
1851,SW1002,기초코딩,1,2025,2,01,국제,30,0,NONE,OFFLINE,SCHEDULED,SIMULATED; source_offering_id=59; 월수 13:30; 공학관101
1852,SW1001,컴퓨팅사고,1,2025,2,01,국제,30,0,NONE,OFFLINE,SCHEDULED,SIMULATED; source_offering_id=60; 화목 13:30; 전정관305
1853,GF1002,창업과도전,1,2025,2,01,국제,50,0,NONE,OFFLINE,SCHEDULED,SIMULATED; source_offering_id=61; 화목 13:30; 공학관202
1854,HC1201,대학영어,1,2023,2,01,국제,35,0,NONE,OFFLINE,SCHEDULED,SIMULATED; source_offering_id=70; 금 9:00; 공학관202
1855,HC1101,성찰과표현,1,2023,2,02,국제,60,0,NONE,OFFLINE,SCHEDULED,SIMULATED; source_offering_id=71; 월수 10:30; 전정관305
1856,HC1002,세계와시민,1,2023,2,01,국제,40,0,NONE,OFFLINE,SCHEDULED,SIMULATED; source_offering_id=72; 월수 9:00; 공학관101
1857,HC1003,빅뱅에서문명까지,1,2023,2,01,국제,60,0,NONE,OFFLINE,SCHEDULED,SIMULATED; source_offering_id=73; 화목 13:30; 전정관412
1858,HC1001,인간의가치탐색,1,2024,1,02,국제,40,0,NONE,OFFLINE,SCHEDULED,SIMULATED; source_offering_id=74; 화목 13:30; 전정관305
1859,HC1102,주제연구,2,2024,2,01,국제,35,0,NONE,OFFLINE,SCHEDULED,SIMULATED; source_offering_id=83; 월수 9:00; 전정관412
1860,HC1201,대학영어,1,2025,2,01,국제,35,0,NONE,OFFLINE,SCHEDULED,SIMULATED; source_offering_id=99; 월수 10:30; 전정관412
1861,HC1101,성찰과표현,1,2025,2,01,국제,40,0,NONE,OFFLINE,SCHEDULED,SIMULATED; source_offering_id=100; 월수 13:30; 전정관305
1862,HC1003,빅뱅에서문명까지,1,2025,2,01,국제,60,0,NONE,OFFLINE,SCHEDULED,SIMULATED; source_offering_id=101; 화목 9:00; 전정관305
1863,HC1001,인간의가치탐색,1,2025,2,01,국제,50,0,NONE,OFFLINE,SCHEDULED,SIMULATED; source_offering_id=102; 월수 13:30; 전정관412
1864,HC1002,세계와시민,1,2026,1,01,국제,50,0,NONE,OFFLINE,SCHEDULED,SIMULATED; source_offering_id=103; 월수 13:30; 전정관305
1865,HC1102,주제연구,2,2026,1,01,국제,60,0,NONE,OFFLINE,SCHEDULED,SIMULATED; source_offering_id=108; 화목 10:30; 전정관305
1866,HC1201,대학영어,1,2024,2,02,국제,45,0,NONE,OFFLINE,SCHEDULED,SIMULATED; source_offering_id=117; 금 9:00; 공학관202
1867,HC1101,성찰과표현,1,2024,2,01,국제,40,0,NONE,OFFLINE,SCHEDULED,SIMULATED; source_offering_id=118; 금 9:00; 전정관201
1868,HC1002,세계와시민,1,2024,2,01,국제,60,0,NONE,OFFLINE,SCHEDULED,SIMULATED; source_offering_id=119; 월수 13:30; 전정관412
1869,HC1003,빅뱅에서문명까지,1,2024,2,01,국제,40,0,NONE,OFFLINE,SCHEDULED,SIMULATED; source_offering_id=120; 월수 13:30; 전정관412
1870,HC1001,인간의가치탐색,1,2025,1,01,국제,45,0,NONE,OFFLINE,SCHEDULED,SIMULATED; source_offering_id=121; 화목 13:30; 공학관101
1871,HC1102,주제연구,2,2025,2,01,국제,45,0,NONE,OFFLINE,SCHEDULED,SIMULATED; source_offering_id=130; 월수 13:30; 공학관202
1872,HC1001,인간의가치탐색,1,2024,2,01,국제,45,0,NONE,OFFLINE,SCHEDULED,SIMULATED; source_offering_id=133; 월수 13:30; 전정관305
1873,HC1002,세계와시민,1,2025,2,02,국제,45,0,NONE,OFFLINE,SCHEDULED,SIMULATED; source_offering_id=134; 월수 9:00; 전정관412
1874,HC1201,대학영어,1,2026,1,02,국제,45,0,NONE,OFFLINE,SCHEDULED,SIMULATED; source_offering_id=135; 화목 9:00; 공학관202
1875,HC1001,인간의가치탐색,1,2023,2,01,국제,40,0,NONE,OFFLINE,SCHEDULED,SIMULATED; source_offering_id=136; 월수 9:00; 전정관305
1876,HC1002,세계와시민,1,2024,1,01,국제,40,0,NONE,OFFLINE,SCHEDULED,SIMULATED; source_offering_id=137; 월수 10:30; 공학관202
1877,GD1303,미디어와소통,1,2025,2,01,국제,30,0,NONE,OFFLINE,SCHEDULED,SIMULATED; source_offering_id=146; 금 9:00; 전정관305
1878,GD1201,논리와비판적사고,1,2026,1,01,국제,35,0,NONE,OFFLINE,SCHEDULED,SIMULATED; source_offering_id=151; 월수 10:30; 전정관412
1879,SW1002,기초코딩,1,2026,1,02,국제,60,0,NONE,OFFLINE,SCHEDULED,SIMULATED; source_offering_id=152; 월수 10:30; 공학관202
1880,GF1005,스포츠와건강,1,2026,1,01,국제,30,0,NONE,OFFLINE,SCHEDULED,SIMULATED; source_offering_id=153; 화목 10:30; 공학관101
1881,HC1003,빅뱅에서문명까지,1,2023,1,02,국제,40,0,NONE,OFFLINE,SCHEDULED,SIMULATED; source_offering_id=154; 화목 10:30; 전정관412
1882,GD1203,통계와사회,1,2023,2,01,국제,45,0,NONE,OFFLINE,SCHEDULED,SIMULATED; source_offering_id=157; 화목 9:00; 공학관202
1883,GD1301,예술의이해,1,2023,2,01,국제,35,0,NONE,OFFLINE,SCHEDULED,SIMULATED; source_offering_id=158; 금 9:00; 전정관305
1884,GD1402,경제학의이해,1,2024,2,01,국제,35,0,NONE,OFFLINE,SCHEDULED,SIMULATED; source_offering_id=162; 화목 10:30; 전정관201
1885,SW1001,컴퓨팅사고,1,2024,2,01,국제,50,0,NONE,OFFLINE,SCHEDULED,SIMULATED; source_offering_id=163; 월수 9:00; 전정관305
1886,GF1005,스포츠와건강,1,2024,2,02,국제,50,0,NONE,OFFLINE,SCHEDULED,SIMULATED; source_offering_id=164; 화목 10:30; 전정관201
1887,HC1003,빅뱅에서문명까지,1,2026,1,01,국제,60,0,NONE,OFFLINE,SCHEDULED,SIMULATED; source_offering_id=165; 화목 13:30; 전정관201
1888,HC1101,성찰과표현,1,2025,1,01,국제,40,0,NONE,OFFLINE,SCHEDULED,SIMULATED; source_offering_id=166; 화목 13:30; 전정관201
1889,GD1403,평화와공존,1,2025,2,01,국제,50,0,NONE,OFFLINE,SCHEDULED,SIMULATED; source_offering_id=169; 화목 10:30; 전정관305
1890,HC1003,빅뱅에서문명까지,1,2025,1,01,국제,60,0,NONE,OFFLINE,SCHEDULED,SIMULATED; source_offering_id=176; 월수 13:30; 전정관201
1891,GD1501,소프트웨어적사유,1,2025,2,01,국제,60,0,NONE,OFFLINE,SCHEDULED,SIMULATED; source_offering_id=177; 화목 13:30; 전정관412
1892,GD1103,인간과유전,1,2025,2,01,국제,35,0,NONE,OFFLINE,SCHEDULED,SIMULATED; source_offering_id=178; 월수 10:30; 공학관101
1893,HC1101,성찰과표현,1,2024,1,02,국제,30,0,NONE,OFFLINE,SCHEDULED,SIMULATED; source_offering_id=183; 월수 13:30; 전정관305
1894,HC1201,대학영어,1,2024,1,01,국제,30,0,NONE,OFFLINE,SCHEDULED,SIMULATED; source_offering_id=184; 월수 10:30; 공학관101
1895,GD1202,수리적사고,1,2024,2,01,국제,50,0,NONE,OFFLINE,SCHEDULED,SIMULATED; source_offering_id=185; 월수 10:30; 공학관202
1896,GD1503,데이터와사회,1,2024,2,01,국제,30,0,NONE,OFFLINE,SCHEDULED,SIMULATED; source_offering_id=186; 월수 13:30; 공학관202
1897,HC1001,인간의가치탐색,1,2026,1,01,국제,35,0,NONE,OFFLINE,SCHEDULED,SIMULATED; source_offering_id=190; 월수 10:30; 공학관202
1898,HC1201,대학영어,1,2025,1,01,국제,35,0,NONE,OFFLINE,SCHEDULED,SIMULATED; source_offering_id=191; 화목 10:30; 전정관412
1899,GD1203,통계와사회,1,2025,2,01,국제,30,0,NONE,OFFLINE,SCHEDULED,SIMULATED; source_offering_id=192; 금 9:00; 전정관305
1900,GD1303,미디어와소통,1,2024,2,01,국제,45,0,NONE,OFFLINE,SCHEDULED,SIMULATED; source_offering_id=197; 월수 13:30; 공학관101
1901,GD1201,논리와비판적사고,1,2025,1,02,국제,30,0,NONE,OFFLINE,SCHEDULED,SIMULATED; source_offering_id=200; 월수 10:30; 공학관101
1902,GD1403,평화와공존,1,2025,1,01,국제,35,0,NONE,OFFLINE,SCHEDULED,SIMULATED; source_offering_id=201; 월수 13:30; 전정관412
1903,GF1003,교양중국어,1,2025,2,01,국제,60,0,NONE,OFFLINE,SCHEDULED,SIMULATED; source_offering_id=203; 월수 9:00; 전정관412
1904,HC1002,세계와시민,1,2025,1,01,국제,40,0,NONE,OFFLINE,SCHEDULED,SIMULATED; source_offering_id=204; 월수 10:30; 공학관101
1905,HC1101,성찰과표현,1,2026,1,01,국제,60,0,NONE,OFFLINE,SCHEDULED,SIMULATED; source_offering_id=205; 월수 9:00; 공학관101
1906,GD1403,평화와공존,1,2026,1,01,국제,40,0,NONE,OFFLINE,SCHEDULED,SIMULATED; source_offering_id=206; 화목 13:30; 전정관201
1907,GD1201,논리와비판적사고,1,2025,2,01,국제,45,0,NONE,OFFLINE,SCHEDULED,SIMULATED; source_offering_id=207; 월수 13:30; 전정관412
1908,GD1503,데이터와사회,1,2025,2,02,국제,30,0,NONE,OFFLINE,SCHEDULED,SIMULATED; source_offering_id=208; 월수 9:00; 전정관412
1909,HC1003,빅뱅에서문명까지,1,2024,1,02,국제,60,0,NONE,OFFLINE,SCHEDULED,SIMULATED; source_offering_id=218; 월수 13:30; 공학관101
1910,GD1302,문화인류학,1,2026,1,01,국제,40,0,NONE,OFFLINE,SCHEDULED,SIMULATED; source_offering_id=219; 월수 9:00; 전정관201
1911,HC1101,성찰과표현,1,2023,1,01,국제,40,0,NONE,OFFLINE,SCHEDULED,SIMULATED; source_offering_id=220; 금 9:00; 전정관412
1912,GD1502,미래사회와기술,1,2023,2,01,국제,35,0,NONE,OFFLINE,SCHEDULED,SIMULATED; source_offering_id=221; 화목 10:30; 전정관412
1913,GF1002,창업과도전,1,2024,2,01,국제,35,0,NONE,OFFLINE,SCHEDULED,SIMULATED; source_offering_id=226; 월수 9:00; 전정관412
1914,SW1002,기초코딩,1,2025,1,02,국제,35,0,NONE,OFFLINE,SCHEDULED,SIMULATED; source_offering_id=230; 월수 10:30; 공학관101
1915,HC1201,대학영어,1,2023,1,01,국제,45,0,NONE,OFFLINE,SCHEDULED,SIMULATED; source_offering_id=231; 월수 10:30; 공학관101
1916,GD1203,통계와사회,1,2024,2,02,국제,60,0,NONE,OFFLINE,SCHEDULED,SIMULATED; source_offering_id=236; 금 9:00; 공학관101
1917,GD1301,예술의이해,1,2024,2,01,국제,45,0,NONE,OFFLINE,SCHEDULED,SIMULATED; source_offering_id=237; 화목 10:30; 공학관101
1918,GF1006,글로벌리더십,1,2025,2,01,국제,50,0,NONE,OFFLINE,SCHEDULED,SIMULATED; source_offering_id=239; 화목 13:30; 전정관412
1919,GD1102,생명과학의세계,1,2023,2,01,국제,45,0,NONE,OFFLINE,SCHEDULED,SIMULATED; source_offering_id=241; 화목 10:30; 전정관201
1920,GD1501,소프트웨어적사유,1,2023,2,02,국제,50,0,NONE,OFFLINE,SCHEDULED,SIMULATED; source_offering_id=244; 화목 9:00; 공학관101
1921,GF1003,교양중국어,1,2024,2,01,국제,35,0,NONE,OFFLINE,SCHEDULED,SIMULATED; source_offering_id=248; 화목 10:30; 전정관412
1922,SW1002,기초코딩,1,2024,2,01,국제,35,0,NONE,OFFLINE,SCHEDULED,SIMULATED; source_offering_id=249; 월수 13:30; 공학관202
1923,GD1101,우주의이해,1,2024,2,01,국제,35,0,NONE,OFFLINE,SCHEDULED,SIMULATED; source_offering_id=253; 월수 10:30; 전정관305
1924,GD1402,경제학의이해,1,2025,2,01,국제,45,0,NONE,OFFLINE,SCHEDULED,SIMULATED; source_offering_id=256; 화목 9:00; 공학관101
1925,GD1502,미래사회와기술,1,2024,2,02,국제,50,0,NONE,OFFLINE,SCHEDULED,SIMULATED; source_offering_id=258; 월수 13:30; 전정관201
1926,GD1102,생명과학의세계,1,2024,2,01,국제,40,0,NONE,OFFLINE,SCHEDULED,SIMULATED; source_offering_id=259; 화목 10:30; 공학관101
1927,GD1401,시민사회와정치,1,2025,1,01,국제,60,0,NONE,OFFLINE,SCHEDULED,SIMULATED; source_offering_id=260; 화목 9:00; 전정관201
1928,SW1001,컴퓨팅사고,1,2026,1,01,국제,30,0,NONE,OFFLINE,SCHEDULED,SIMULATED; source_offering_id=266; 화목 13:30; 전정관412
1929,GD1201,논리와비판적사고,1,2024,2,01,국제,45,0,NONE,OFFLINE,SCHEDULED,SIMULATED; source_offering_id=267; 월수 10:30; 공학관101
1930,GD1302,문화인류학,1,2023,2,01,국제,35,0,NONE,OFFLINE,SCHEDULED,SIMULATED; source_offering_id=268; 월수 9:00; 공학관101
1931,GF1004,봉사와나눔,1,2025,2,01,국제,45,0,NONE,OFFLINE,SCHEDULED,SIMULATED; source_offering_id=270; 월수 9:00; 공학관101
1932,GD1401,시민사회와정치,1,2023,2,01,국제,50,0,NONE,OFFLINE,SCHEDULED,SIMULATED; source_offering_id=271; 화목 9:00; 전정관412
1933,GD1503,데이터와사회,1,2025,1,01,국제,45,0,NONE,OFFLINE,SCHEDULED,SIMULATED; source_offering_id=275; 금 9:00; 전정관201
