offering_category_id,offering_id,department_id,category_id,display_name
2928,1838,,4,빅뱅에서문명까지
2929,1839,,4,성찰과표현
2930,1840,,4,대학영어
2931,1841,,4,인간의가치탐색
2932,1842,,4,세계와시민
2933,1843,,4,주제연구
2934,1844,,5,평화와공존
2935,1845,,5,생명과학의세계
2936,1846,,4,세계와시민
2937,1847,,4,인간의가치탐색
2938,1848,,5,소프트웨어적사유
2939,1849,,5,문화인류학
2940,1850,,5,생명과학의세계
2941,1851,,6,기초코딩
2942,1852,,6,컴퓨팅사고
2943,1853,,6,창업과도전
2944,1854,,4,대학영어
2945,1855,,4,성찰과표현
2946,1856,,4,세계와시민
2947,1857,,4,빅뱅에서문명까지
2948,1858,,4,인간의가치탐색
2949,1859,,4,주제연구
2950,1860,,4,대학영어
2951,1861,,4,성찰과표현
2952,1862,,4,빅뱅에서문명까지
2953,1863,,4,인간의가치탐색
2954,1864,,4,세계와시민
2955,1865,,4,주제연구
2956,1866,,4,대학영어
2957,1867,,4,성찰과표현
2958,1868,,4,세계와시민
2959,1869,,4,빅뱅에서문명까지
2960,1870,,4,인간의가치탐색
2961,1871,,4,주제연구
2962,1872,,4,인간의가치탐색
2963,1873,,4,세계와시민
2964,1874,,4,대학영어
2965,1875,,4,인간의가치탐색
2966,1876,,4,세계와시민
2967,1877,,5,미디어와소통
2968,1878,,5,논리와비판적사고
2969,1879,,6,기초코딩
2970,1880,,6,스포츠와건강
2971,1881,,4,빅뱅에서문명까지
2972,1882,,5,통계와사회
2973,1883,,5,예술의이해
2974,1884,,5,경제학의이해
2975,1885,,6,컴퓨팅사고
2976,1886,,6,스포츠와건강
2977,1887,,4,빅뱅에서문명까지
2978,1888,,4,성찰과표현
2979,1889,,5,평화와공존
2980,1890,,4,빅뱅에서문명까지
2981,1891,,5,소프트웨어적사유
2982,1892,,5,인간과유전
2983,1893,,4,성찰과표현
2984,1894,,4,대학영어
2985,1895,,5,수리적사고
2986,1896,,5,데이터와사회
2987,1897,,4,인간의가치탐색
2988,1898,,4,대학영어
2989,1899,,5,통계와사회
2990,1900,,5,미디어와소통
2991,1901,,5,논리와비판적사고
2992,1902,,5,평화와공존
2993,1903,,6,교양중국어
2994,1904,,4,세계와시민
2995,1905,,4,성찰과표현
2996,1906,,5,평화와공존
2997,1907,,5,논리와비판적사고
2998,1908,,5,데이터와사회
2999,1909,,4,빅뱅에서문명까지
3000,1910,,5,문화인류학
3001,1911,,4,성찰과표현
3002,1912,,5,미래사회와기술
3003,1913,,6,창업과도전
3004,1914,,6,기초코딩
3005,1915,,4,대학영어
3006,1916,,5,통계와사회
3007,1917,,5,예술의이해
3008,1918,,6,글로벌리더십
3009,1919,,5,생명과학의세계
3010,1920,,5,소프트웨어적사유
3011,1921,,6,교양중국어
3012,1922,,6,기초코딩
3013,1923,,5,우주의이해
3014,1924,,5,경제학의이해
3015,1925,,5,미래사회와기술
3016,1926,,5,생명과학의세계
3017,1927,,5,시민사회와정치
3018,1928,,6,컴퓨팅사고
3019,1929,,5,논리와비판적사고
3020,1930,,5,문화인류학
3021,1931,,6,봉사와나눔
3022,1932,,5,시민사회와정치
3023,1933,,5,데이터와사회
