requirement_category_id,requirement_id,category_id,min_credits,min_areas,per_area_min_credits
1001,1,4,17,,
1002,1,5,9,3,3
1003,1,6,3,,
1004,2,4,17,,
1005,2,5,9,3,3
1006,2,6,3,,
1007,3,4,17,,
1008,3,5,9,3,3
1009,3,6,3,,
1010,4,4,17,,
1011,4,5,9,3,3
1012,4,6,3,,
1013,5,4,17,,
1014,5,5,9,3,3
1015,5,6,3,,
1016,6,4,17,,
1017,6,5,9,3,3
1018,6,6,3,,
1019,7,4,17,,
1020,7,5,9,3,3
1021,7,6,3,,
1022,8,4,17,,
1023,8,5,9,3,3
1024,8,6,3,,
1025,9,4,17,,
1026,9,5,9,3,3
1027,9,6,3,,
1028,10,4,17,,
1029,10,5,9,3,3
1030,10,6,3,,
1031,11,4,17,,
1032,11,5,9,3,3
1033,11,6,3,,
1034,12,4,17,,
1035,12,5,9,3,3
1036,12,6,3,,
1037,13,4,17,,
1038,13,5,9,3,3
1039,13,6,3,,
1040,14,4,17,,
1041,14,5,9,3,3
1042,14,6,3,,
1043,15,4,17,,
1044,15,5,9,3,3
1045,15,6,3,,
