class_time_id,offering_id,time_slot_id,room_code
2806,1838,63,공학관101
2807,1838,201,공학관101
2808,1839,63,공학관101
2809,1839,201,공학관101
2810,1840,138,전정관305
2811,1840,100,전정관305
2812,1841,63,공학관202
2813,1841,201,공학관202
2814,1842,157,전정관412
2815,1842,118,전정관412
2816,1843,138,공학관101
2817,1843,100,공학관101
2818,1844,54,공학관202
2819,1844,191,공학관202
2820,1845,146,전정관412
2821,1845,109,전정관412
2822,1846,63,전정관412
2823,1846,201,전정관412
2824,1847,54,전정관201
2825,1847,191,전정관201
2826,1848,3,전정관305
2827,1849,46,전정관201
2828,1849,184,전정관201
2829,1850,146,공학관101
2830,1850,109,공학관101
2831,1851,63,공학관101
2832,1851,201,공학관101
2833,1852,157,전정관305
2834,1852,118,전정관305
2835,1853,157,공학관202
2836,1853,118,공학관202
2837,1854,3,공학관202
2838,1855,54,전정관305
2839,1855,191,전정관305
2840,1856,46,공학관101
2841,1856,184,공학관101
2842,1857,157,전정관412
2843,1857,118,전정관412
2844,1858,157,전정관305
2845,1858,118,전정관305
2846,1859,46,전정관412
2847,1859,184,전정관412
2848,1860,54,전정관412
2849,1860,191,전정관412
2850,1861,63,전정관305
2851,1861,201,전정관305
2852,1862,138,전정관305
2853,1862,100,전정관305
2854,1863,63,전정관412
2855,1863,201,전정관412
2856,1864,63,전정관305
2857,1864,201,전정관305
2858,1865,146,전정관305
2859,1865,109,전정관305
2860,1866,3,공학관202
2861,1867,3,전정관201
2862,1868,63,전정관412
2863,1868,201,전정관412
2864,1869,63,전정관412
2865,1869,201,전정관412
2866,1870,157,공학관101
2867,1870,118,공학관101
2868,1871,63,공학관202
2869,1871,201,공학관202
2870,1872,63,전정관305
2871,1872,201,전정관305
2872,1873,46,전정관412
2873,1873,184,전정관412
2874,1874,138,공학관202
2875,1874,100,공학관202
2876,1875,46,전정관305
2877,1875,184,전정관305
2878,1876,54,공학관202
2879,1876,191,공학관202
2880,1877,3,전정관305
2881,1878,54,전정관412
2882,1878,191,전정관412
2883,1879,54,공학관202
2884,1879,191,공학관202
2885,1880,146,공학관101
2886,1880,109,공학관101
2887,1881,146,전정관412
2888,1881,109,전정관412
2889,1882,138,공학관202
2890,1882,100,공학관202
2891,1883,3,전정관305
2892,1884,146,전정관201
2893,1884,109,전정관201
2894,1885,46,전정관305
2895,1885,184,전정관305
2896,1886,146,전정관201
2897,1886,109,전정관201
2898,1887,157,전정관201
2899,1887,118,전정관201
2900,1888,157,전정관201
2901,1888,118,전정관201
2902,1889,146,전정관305
2903,1889,109,전정관305
2904,1890,63,전정관201
2905,1890,201,전정관201
2906,1891,157,전정관412
2907,1891,118,전정관412
2908,1892,54,공학관101
2909,1892,191,공학관101
2910,1893,63,전정관305
2911,1893,201,전정관305
2912,1894,54,공학관101
2913,1894,191,공학관101
2914,1895,54,공학관202
2915,1895,191,공학관202
2916,1896,63,공학관202
2917,1896,201,공학관202
2918,1897,54,공학관202
2919,1897,191,공학관202
2920,1898,146,전정관412
2921,1898,109,전정관412
2922,1899,3,전정관305
2923,1900,63,공학관101
2924,1900,201,공학관101
2925,1901,54,공학관101
2926,1901,191,공학관101
2927,1902,63,전정관412
2928,1902,201,전정관412
2929,1903,46,전정관412
2930,1903,184,전정관412
2931,1904,54,공학관101
2932,1904,191,공학관101
2933,1905,46,공학관101
2934,1905,184,공학관101
2935,1906,157,전정관201
2936,1906,118,전정관201
2937,1907,63,전정관412
2938,1907,201,전정관412
2939,1908,46,전정관412
2940,1908,184,전정관412
2941,1909,63,공학관101
2942,1909,201,공학관101
2943,1910,46,전정관201
2944,1910,184,전정관201
2945,1911,3,전정관412
2946,1912,146,전정관412
2947,1912,109,전정관412
2948,1913,46,전정관412
2949,1913,184,전정관412
2950,1914,54,공학관101
2951,1914,191,공학관101
2952,1915,54,공학관101
2953,1915,191,공학관101
2954,1916,3,공학관101
2955,1917,146,공학관101
2956,1917,109,공학관101
2957,1918,157,전정관412
2958,1918,118,전정관412
2959,1919,146,전정관201
2960,1919,109,전정관201
2961,1920,138,공학관101
2962,1920,100,공학관101
2963,1921,146,전정관412
2964,1921,109,전정관412
2965,1922,63,공학관202
2966,1922,201,공학관202
2967,1923,54,전정관305
2968,1923,191,전정관305
2969,1924,138,공학관101
2970,1924,100,공학관101
2971,1925,63,전정관201
2972,1925,201,전정관201
2973,1926,146,공학관101
2974,1926,109,공학관101
2975,1927,138,전정관201
2976,1927,100,전정관201
2977,1928,157,전정관412
2978,1928,118,전정관412
2979,1929,54,공학관101
2980,1929,191,공학관101
2981,1930,46,공학관101
2982,1930,184,공학관101
2983,1931,46,공학관101
2984,1931,184,공학관101
2985,1932,138,전정관412
2986,1932,100,전정관412
2987,1933,3,전정관201
