student_id,name,department_id,track,admission_year,status,extra_track_type,extra_track_name
202210001,문승현,12,공통,2022,휴학,없음,
202210002,손하윤,12,공통,2022,졸업,없음,
202310003,박건우,12,공통,2023,재학,없음,
202510004,양은우,12,공통,2025,재학,없음,
202410005,황은우,12,공통,2024,재학,없음,
202410006,최건우,12,공통,2024,휴학,마이크로디그리,딥엑스몰입과정
202510007,신나윤,12,공통,2025,재학,부전공,소프트웨어융합
202310008,안예진,12,공통,2023,재학,없음,
202210009,강예은,12,공통,2022,휴학,마이크로디그리,알체라몰입과정
202510010,남서율,12,공통,2025,재학,없음,
202410011,송예린,12,공통,2024,재학,없음,
202410012,안정우,12,공통,2024,재학,없음,
202410013,서지민,12,공통,2024,재학,없음,
202310014,이수아,12,공통,2023,휴학,없음,
202310015,강하윤,12,공통,2023,휴학,마이크로디그리,카카오헬스케어몰입과정
202510016,한우진,12,공통,2025,재학,없음,
202510017,배가은,12,공통,2025,재학,마이크로디그리,인공지능이론
202410018,권예진,12,공통,2024,재학,없음,
202310019,고시우,12,공통,2023,휴학,마이크로디그리,카카오헬스케어몰입과정
202410020,황재윤,12,공통,2024,재학,없음,
202410021,남예은,12,공통,2024,휴학,없음,
202510022,조서현,12,공통,2025,재학,부전공,소프트웨어융합
202510023,황시우,12,공통,2025,재학,없음,
202410024,백나윤,12,공통,2024,재학,없음,
202310025,안하은,12,공통,2023,재학,다전공,컴퓨터공학
202310026,류다은,12,공통,2023,재학,없음,
202510027,최예진,12,공통,2025,휴학,없음,
202510028,정민재,12,공통,2025,재학,없음,
202210029,박수빈,12,공통,2022,재학,없음,
202210030,신지훈,12,공통,2022,졸업,없음,
202510031,정민준,12,공통,2025,휴학,없음,
202410032,장승현,12,공통,2024,재학,없음,
202210033,전수빈,12,공통,2022,휴학,없음,
202210034,전지호,12,공통,2022,재학,없음,
202210035,송선우,12,공통,2022,재학,없음,
202310036,안예은,12,공통,2023,재학,없음,
202310037,장우진,12,공통,2023,재학,마이크로디그리,온디바이스AI
202310038,박가은,12,공통,2023,재학,없음,
202210039,박승현,12,공통,2022,졸업,없음,
202210040,백수빈,12,공통,2022,재학,마이크로디그리,딥엑스몰입과정
202410103,최민재,11,공통,2024,재학,부전공,인공지능학
202610105,윤시우,11,공통,2026,재학,없음,
202410203,이예린,8,공통,2024,재학,부전공,컴퓨터공학
202610205,정서아,8,공통,2026,재학,없음,
